headline,publisher,date,stock
Dividend increased by 15%,MarketWatch,2024-04-16,JPM
Company hires new marketing director,Bloomberg,2024-08-02,JPM
Company announces routine board meeting,Seeking Alpha,2024-05-10,META
Company announces routine board meeting - Breaking,Yahoo Finance,2024-07-10,TSLA
Stock hits all-time high after strong earnings,Yahoo Finance,2024-09-09,V
Lawsuit filed against company,MarketWatch,2024-06-18,GOOGL
Analyst downgrades to Sell,Seeking Alpha,2024-05-10,TSLA
Credit rating downgraded,Reuters,2024-06-15,MSFT
New product launch exceeds expectations - Breaking,Bloomberg,2024-09-21,JNJ
Company announces routine board meeting,WSJ,2024-09-20,GOOGL
CEO resigns effective immediately,Bloomberg,2024-12-25,AMZN
"Analyst upgrades to Buy, raises price target",Yahoo Finance,2024-04-15,AMZN
Executive to speak at conference,Bloomberg,2024-08-05,MSFT
Stock upgraded by multiple analysts - Breaking,MarketWatch,2024-10-30,JPM
CEO resigns effective immediately,Reuters,2024-07-08,JPM
Company announces routine board meeting,Bloomberg,2024-02-22,JPM
Patent application filed - Update,Reuters,2024-06-05,AAPL
Office expansion plans revealed - Update,WSJ,2024-05-15,JPM
Stock plunges on disappointing earnings,Seeking Alpha,2024-06-11,GOOGL
Stock hits all-time high after strong earnings,Bloomberg,2024-08-18,JNJ
Record quarterly revenue reported - Update,Seeking Alpha,2024-09-24,MSFT
Stock hits all-time high after strong earnings,MarketWatch,2024-03-02,JPM
Profit margins expand significantly,Seeking Alpha,2024-08-01,GOOGL
Stock hits all-time high after strong earnings,MarketWatch,2024-05-10,AAPL
Profit margins expand significantly,MarketWatch,2024-12-24,V
Regulatory investigation launched,Bloomberg,2024-06-27,NVDA
Lawsuit filed against company,Seeking Alpha,2024-08-09,TSLA
Quarterly report scheduled for next week,MarketWatch,2024-06-19,AMZN
Company misses revenue estimates,CNBC,2024-08-30,META
Credit rating reaffirmed - Update,Yahoo Finance,2024-05-13,AMZN
Office location announced - Breaking,MarketWatch,2024-12-13,V
Dividend increased by 15% - Update,Reuters,2024-10-09,V
Worst quarter in company history,CNBC,2024-12-24,META
Partnership announced with industry leader,Yahoo Finance,2024-06-13,AAPL
Credit rating downgraded,Seeking Alpha,2024-11-10,META
Hiring new CFO,Reuters,2024-11-13,AAPL
Patent application filed - Breaking,MarketWatch,2024-04-22,TSLA
Lawsuit filed against company - Exclusive,Reuters,2024-01-02,MSFT
Credit rating reaffirmed,FT,2024-08-11,AAPL
Stock hits all-time high after strong earnings,Bloomberg,2024-02-22,JNJ
Board approves $5 billion share buyback,WSJ,2024-07-21,JPM
Annual shareholder meeting announced,Yahoo Finance,2024-10-06,TSLA
Worst quarter in company history - Breaking,CNBC,2024-08-27,AAPL
Record quarterly revenue reported,Yahoo Finance,2024-12-14,GOOGL
Worst quarter in company history,WSJ,2024-12-11,GOOGL
Credit rating downgraded,MarketWatch,2024-11-03,V
Stock hits all-time high after strong earnings,MarketWatch,2024-12-03,JPM
Stock hits all-time high after strong earnings,Reuters,2024-05-30,JNJ
Company beats revenue estimates by wide margin,Seeking Alpha,2024-12-11,V
Worst quarter in company history,Bloomberg,2024-10-30,TSLA
Profit margins expand significantly - Exclusive,Reuters,2024-08-20,GOOGL
Credit rating downgraded,CNBC,2024-05-31,META
Hiring new CFO - Exclusive,Reuters,2024-04-13,AMZN
Office location announced,Yahoo Finance,2024-04-08,V
Company hires new marketing director,Yahoo Finance,2024-12-03,MSFT
Executive to speak at conference,FT,2024-06-17,AMZN
Stock hits all-time high after strong earnings,Yahoo Finance,2024-10-03,AMZN
Hiring new CFO,MarketWatch,2024-07-13,AAPL
Stock hits all-time high after strong earnings,CNBC,2024-01-22,META
Board approves $5 billion share buyback,Yahoo Finance,2024-09-20,MSFT
Company announces routine board meeting,WSJ,2024-11-12,GOOGL
New product launch exceeds expectations,Reuters,2024-01-17,TSLA
Board approves $5 billion share buyback,Reuters,2024-02-06,JPM
Company hires new marketing director,FT,2024-04-04,GOOGL
Credit rating reaffirmed - Exclusive,FT,2024-06-09,GOOGL
Supply chain disruptions impact production,MarketWatch,2024-02-23,JNJ
Company beats revenue estimates by wide margin,Seeking Alpha,2024-04-23,META
Quarterly report scheduled for next week,CNBC,2024-09-29,JPM
Stock hits all-time high after strong earnings,Yahoo Finance,2024-06-24,NVDA
Company hires new marketing director,Bloomberg,2024-12-20,MSFT
Office expansion plans revealed,WSJ,2024-11-08,AMZN
Company misses revenue estimates,Seeking Alpha,2024-05-21,GOOGL
Quarterly report scheduled for next week,Bloomberg,2024-11-17,NVDA
Executive to speak at conference,Bloomberg,2024-03-03,META
Patent application filed - Update,WSJ,2024-06-18,META
Regulatory investigation launched,WSJ,2024-04-10,AAPL
Partnership announced with industry leader,WSJ,2024-04-17,TSLA
Dividend increased by 15%,FT,2024-12-15,GOOGL
Quarterly report scheduled for next week,Seeking Alpha,2024-09-25,MSFT
Credit rating reaffirmed,CNBC,2024-05-24,JPM
Credit rating downgraded,MarketWatch,2024-12-11,TSLA
Patent application filed - Exclusive,MarketWatch,2024-05-08,JNJ
Patent application filed,Bloomberg,2024-04-05,META
Profit warning issued for next quarter,FT,2024-09-28,NVDA
Profit margins expand significantly,MarketWatch,2024-03-16,JNJ
Profit warning issued for next quarter,Yahoo Finance,2024-07-03,TSLA
Regulatory investigation launched,Yahoo Finance,2024-07-22,JNJ
Patent application filed,MarketWatch,2024-04-09,AAPL
Office location announced,MarketWatch,2024-09-06,JNJ
Executive to speak at conference,Bloomberg,2024-06-28,JNJ
Patent application filed - Update,Seeking Alpha,2024-11-20,AMZN
Profit warning issued for next quarter,MarketWatch,2024-09-14,AAPL
Credit rating reaffirmed,CNBC,2024-12-05,JPM
Analyst downgrades to Sell,WSJ,2024-02-02,AAPL
Company hires new marketing director,FT,2024-09-24,GOOGL
Stock hits all-time high after strong earnings - Breaking,CNBC,2024-02-13,MSFT
Company hires new marketing director,CNBC,2024-08-02,AAPL
Patent application filed,Bloomberg,2024-03-30,MSFT
Credit rating downgraded,WSJ,2024-11-09,TSLA
Supply chain disruptions impact production,FT,2024-08-04,TSLA
Company hires new marketing director,Bloomberg,2024-12-22,V
Hiring new CFO - Update,CNBC,2024-02-05,MSFT
Lawsuit filed against company,Seeking Alpha,2024-05-30,TSLA
Analyst downgrades to Sell,FT,2024-10-05,V
Company beats revenue estimates by wide margin,Reuters,2024-03-02,AMZN
Profit warning issued for next quarter,FT,2024-07-05,GOOGL
Lawsuit filed against company,FT,2024-08-20,GOOGL
Analyst downgrades to Sell,WSJ,2024-07-24,AMZN
Credit rating downgraded,Seeking Alpha,2024-03-09,GOOGL
Analyst downgrades to Sell,CNBC,2024-02-22,NVDA
Profit warning issued for next quarter,FT,2024-06-29,JNJ
Patent application filed,MarketWatch,2024-05-01,TSLA
Company beats revenue estimates by wide margin - Exclusive,CNBC,2024-05-25,V
Stock upgraded by multiple analysts - Update,FT,2024-08-17,NVDA
CEO resigns effective immediately,Bloomberg,2024-10-09,JNJ
"Analyst upgrades to Buy, raises price target",FT,2024-12-04,JPM
Profit warning issued for next quarter - Breaking,WSJ,2024-05-24,NVDA
Office expansion plans revealed,WSJ,2024-03-10,GOOGL
Company hires new marketing director,MarketWatch,2024-03-31,JNJ
Patent application filed,Yahoo Finance,2024-06-21,MSFT
Credit rating reaffirmed,WSJ,2024-11-12,V
Dividend increased by 15%,FT,2024-12-13,V
Credit rating reaffirmed,Seeking Alpha,2024-04-26,META
Patent application filed,Seeking Alpha,2024-06-21,TSLA
Profit warning issued for next quarter,CNBC,2024-09-08,TSLA
New product launch exceeds expectations,WSJ,2024-02-16,V
Lawsuit filed against company,MarketWatch,2024-01-01,TSLA
Executive to speak at conference,Seeking Alpha,2024-01-12,JNJ
Profit warning issued for next quarter - Update,Seeking Alpha,2024-05-01,AMZN
Patent application filed,WSJ,2024-06-26,TSLA
Record quarterly revenue reported,CNBC,2024-05-24,V
Stock hits all-time high after strong earnings,FT,2024-08-07,GOOGL
Company hires new marketing director - Exclusive,Seeking Alpha,2024-07-15,V
"Analyst upgrades to Buy, raises price target",Yahoo Finance,2024-08-29,TSLA
Quarterly report scheduled for next week,Yahoo Finance,2024-03-05,MSFT
Regulatory investigation launched,FT,2024-10-08,V
Executive to speak at conference - Update,FT,2024-04-07,V
Company beats revenue estimates by wide margin,FT,2024-11-06,META
Credit rating reaffirmed - Exclusive,FT,2024-12-23,GOOGL
Company announces routine board meeting,FT,2024-06-13,JNJ
Stock upgraded by multiple analysts,FT,2024-03-18,V
CEO resigns effective immediately,FT,2024-07-23,AMZN
Office location announced - Breaking,WSJ,2024-04-04,JPM
Dividend increased by 15%,Bloomberg,2024-04-27,GOOGL
Annual shareholder meeting announced,Reuters,2024-02-23,TSLA
Office location announced - Update,Reuters,2024-04-21,NVDA
Regulatory investigation launched,Yahoo Finance,2024-03-06,GOOGL
Dividend increased by 15%,WSJ,2024-08-13,META
Supply chain disruptions impact production,Yahoo Finance,2024-11-30,GOOGL
"Analyst upgrades to Buy, raises price target",Yahoo Finance,2024-11-30,NVDA
Stock upgraded by multiple analysts - Update,FT,2024-05-17,JPM
Lawsuit filed against company,WSJ,2024-12-05,JPM
Profit margins expand significantly - Update,Bloomberg,2024-07-23,GOOGL
Regulatory investigation launched,MarketWatch,2024-12-01,META
Profit warning issued for next quarter,Seeking Alpha,2024-07-02,V
Company beats revenue estimates by wide margin - Exclusive,FT,2024-06-08,MSFT
Company hires new marketing director,CNBC,2024-10-03,TSLA
Supply chain disruptions impact production,FT,2024-01-22,TSLA
Board approves $5 billion share buyback,Reuters,2024-01-12,JNJ
CEO resigns effective immediately,Yahoo Finance,2024-08-05,V
Patent application filed,Reuters,2024-08-01,JPM
Office location announced,Seeking Alpha,2024-03-01,AAPL
Patent application filed - Update,CNBC,2024-09-09,AMZN
Regulatory investigation launched,Seeking Alpha,2024-08-01,JNJ
Credit rating reaffirmed,Seeking Alpha,2024-12-30,JNJ
CEO resigns effective immediately,CNBC,2024-01-07,GOOGL
Regulatory investigation launched - Exclusive,MarketWatch,2024-09-30,JNJ
Board approves $5 billion share buyback,MarketWatch,2024-07-10,V
Quarterly report scheduled for next week,Bloomberg,2024-02-08,V
Lawsuit filed against company,Bloomberg,2024-05-05,V
Lawsuit filed against company,Reuters,2024-03-08,JNJ
Company beats revenue estimates by wide margin,Bloomberg,2024-04-20,AMZN
Regulatory investigation launched,MarketWatch,2024-09-20,JPM
Lawsuit filed against company,Bloomberg,2024-04-10,META
Worst quarter in company history,Bloomberg,2024-11-10,META
Profit margins expand significantly - Update,Yahoo Finance,2024-10-03,META
Board approves $5 billion share buyback,WSJ,2024-12-15,JPM
Quarterly report scheduled for next week - Exclusive,CNBC,2024-01-31,JPM
Profit margins expand significantly - Exclusive,Yahoo Finance,2024-11-17,AMZN
Credit rating reaffirmed - Exclusive,Yahoo Finance,2024-04-27,AAPL
Office location announced,CNBC,2024-03-02,V
"Analyst upgrades to Buy, raises price target",Seeking Alpha,2024-01-26,GOOGL
Company misses revenue estimates,Yahoo Finance,2024-04-27,AMZN
Credit rating downgraded,WSJ,2024-04-22,AAPL
Patent application filed,Yahoo Finance,2024-10-19,AMZN
Company misses revenue estimates,Reuters,2024-06-26,JPM
Stock upgraded by multiple analysts,Bloomberg,2024-06-20,MSFT
Company misses revenue estimates,WSJ,2024-11-16,TSLA
Record quarterly revenue reported,CNBC,2024-02-07,NVDA
Company beats revenue estimates by wide margin,Reuters,2024-03-09,MSFT
CEO resigns effective immediately - Exclusive,Reuters,2024-03-16,GOOGL
Company beats revenue estimates by wide margin - Breaking,WSJ,2024-11-15,JPM
Stock plunges on disappointing earnings,Yahoo Finance,2024-11-11,GOOGL
Company announces routine board meeting,CNBC,2024-03-18,JNJ
Office location announced,FT,2024-02-11,V
Supply chain disruptions impact production - Exclusive,Seeking Alpha,2024-01-14,GOOGL
Company hires new marketing director,MarketWatch,2024-03-03,AAPL
Office expansion plans revealed,MarketWatch,2024-11-04,JPM
Partnership announced with industry leader,CNBC,2024-07-16,META
Company beats revenue estimates by wide margin,Seeking Alpha,2024-02-11,AMZN
Regulatory investigation launched - Update,WSJ,2024-08-18,AMZN
Company hires new marketing director,Reuters,2024-10-15,AMZN
Executive to speak at conference,FT,2024-05-02,JNJ
Stock hits all-time high after strong earnings,FT,2024-06-07,AMZN
Company misses revenue estimates,Seeking Alpha,2024-01-15,JPM
Profit margins expand significantly,WSJ,2024-11-27,MSFT
Annual shareholder meeting announced,CNBC,2024-10-18,JNJ
Stock plunges on disappointing earnings,WSJ,2024-01-11,JNJ
Partnership announced with industry leader,Seeking Alpha,2024-01-23,JNJ
CEO resigns effective immediately,Bloomberg,2024-05-20,JPM
Office location announced,Reuters,2024-04-20,JPM
Credit rating reaffirmed,WSJ,2024-12-21,AMZN
Profit margins expand significantly - Exclusive,Bloomberg,2024-04-01,JNJ
Record quarterly revenue reported,FT,2024-10-22,V
Executive to speak at conference - Update,Yahoo Finance,2024-04-10,TSLA
Patent application filed - Breaking,MarketWatch,2024-11-08,AAPL
Executive to speak at conference,Seeking Alpha,2024-05-28,V
Company announces routine board meeting,WSJ,2024-11-08,TSLA
Patent application filed,MarketWatch,2024-08-31,V
Patent application filed - Breaking,MarketWatch,2024-07-28,MSFT
Annual shareholder meeting announced,CNBC,2024-12-29,GOOGL
Executive to speak at conference,MarketWatch,2024-06-28,META
Company announces routine board meeting - Update,FT,2024-03-03,META
Patent application filed,FT,2024-02-18,NVDA
Lawsuit filed against company - Update,WSJ,2024-04-27,META
Credit rating reaffirmed,Seeking Alpha,2024-02-18,NVDA
Stock hits all-time high after strong earnings,Yahoo Finance,2024-08-02,GOOGL
Annual shareholder meeting announced,Yahoo Finance,2024-02-01,AAPL
Company misses revenue estimates,Seeking Alpha,2024-01-19,MSFT
Stock hits all-time high after strong earnings,MarketWatch,2024-07-12,META
Credit rating reaffirmed,Yahoo Finance,2024-06-14,GOOGL
New product launch exceeds expectations,FT,2024-02-24,NVDA
Company beats revenue estimates by wide margin,Bloomberg,2024-12-31,MSFT
Credit rating reaffirmed - Exclusive,WSJ,2024-10-14,MSFT
Dividend increased by 15%,Reuters,2024-11-08,NVDA
Company beats revenue estimates by wide margin,CNBC,2024-09-11,JPM
Executive to speak at conference,FT,2024-03-07,GOOGL
Stock hits all-time high after strong earnings,Seeking Alpha,2024-10-17,JPM
CEO resigns effective immediately,Yahoo Finance,2024-06-13,META
Company announces routine board meeting,MarketWatch,2024-01-07,JNJ
Dividend increased by 15%,FT,2024-05-26,GOOGL
New product launch exceeds expectations,Bloomberg,2024-01-02,AAPL
Regulatory investigation launched,CNBC,2024-08-21,MSFT
Company beats revenue estimates by wide margin,WSJ,2024-01-20,TSLA
Profit margins expand significantly,Yahoo Finance,2024-08-13,TSLA
Analyst downgrades to Sell,Bloomberg,2024-12-07,JPM
Lawsuit filed against company - Exclusive,Yahoo Finance,2024-08-02,AAPL
Supply chain disruptions impact production,Yahoo Finance,2024-01-09,JPM
"Analyst upgrades to Buy, raises price target",MarketWatch,2024-07-19,META
Executive to speak at conference - Breaking,Bloomberg,2024-01-29,MSFT
Quarterly report scheduled for next week,Yahoo Finance,2024-05-25,TSLA
Stock upgraded by multiple analysts,Yahoo Finance,2024-02-03,AAPL
Profit margins expand significantly,Bloomberg,2024-03-16,NVDA
Company announces routine board meeting,FT,2024-01-27,V
Board approves $5 billion share buyback,Bloomberg,2024-09-24,V
Company announces routine board meeting,FT,2024-07-08,JNJ
CEO resigns effective immediately,WSJ,2024-11-05,AAPL
Credit rating downgraded,CNBC,2024-10-08,TSLA
Stock plunges on disappointing earnings,Seeking Alpha,2024-06-12,AAPL
Annual shareholder meeting announced,CNBC,2024-11-05,MSFT
Quarterly report scheduled for next week,Yahoo Finance,2024-03-09,JPM
Stock hits all-time high after strong earnings,MarketWatch,2024-05-27,GOOGL
Company beats revenue estimates by wide margin - Update,Yahoo Finance,2024-12-30,MSFT
Record quarterly revenue reported,FT,2024-03-13,V
Partnership announced with industry leader,Reuters,2024-03-01,JPM
Stock upgraded by multiple analysts,CNBC,2024-05-10,MSFT
Profit margins expand significantly,CNBC,2024-04-11,MSFT
Analyst downgrades to Sell,WSJ,2024-10-31,AAPL
Stock upgraded by multiple analysts,Reuters,2024-10-29,JPM
Credit rating downgraded,FT,2024-03-21,NVDA
Profit margins expand significantly,Yahoo Finance,2024-07-18,V
Supply chain disruptions impact production,MarketWatch,2024-02-28,JNJ
Record quarterly revenue reported - Exclusive,Seeking Alpha,2024-09-22,NVDA
Lawsuit filed against company,FT,2024-03-26,JNJ
Dividend increased by 15%,FT,2024-01-07,V
Credit rating downgraded - Breaking,CNBC,2024-08-02,MSFT
Office location announced,CNBC,2024-04-12,AAPL
CEO resigns effective immediately,CNBC,2024-04-17,MSFT
Company beats revenue estimates by wide margin,Seeking Alpha,2024-07-01,NVDA
Analyst downgrades to Sell,Seeking Alpha,2024-01-04,META
Office expansion plans revealed,Reuters,2024-01-16,JNJ
Analyst downgrades to Sell,MarketWatch,2024-08-14,JNJ
"Analyst upgrades to Buy, raises price target",MarketWatch,2024-09-25,MSFT
Company beats revenue estimates by wide margin,Yahoo Finance,2024-01-29,AAPL
Company hires new marketing director,WSJ,2024-07-03,JPM
Analyst downgrades to Sell - Breaking,Yahoo Finance,2024-12-24,AMZN
Profit margins expand significantly,Reuters,2024-01-03,JPM
Office location announced - Breaking,Yahoo Finance,2024-10-19,V
Profit warning issued for next quarter,Yahoo Finance,2024-03-13,AAPL
Office expansion plans revealed,WSJ,2024-07-05,JNJ
Profit margins expand significantly,CNBC,2024-07-16,NVDA
Hiring new CFO - Exclusive,Yahoo Finance,2024-11-28,MSFT
Office expansion plans revealed,WSJ,2024-02-28,JPM
Worst quarter in company history - Breaking,FT,2024-08-30,JNJ
Stock plunges on disappointing earnings,Bloomberg,2024-08-28,JNJ
Company beats revenue estimates by wide margin - Update,FT,2024-02-23,NVDA
Lawsuit filed against company,WSJ,2024-08-28,JNJ
Company beats revenue estimates by wide margin,Yahoo Finance,2024-05-24,JPM
Company beats revenue estimates by wide margin - Breaking,FT,2024-04-29,V
Record quarterly revenue reported - Update,Bloomberg,2024-09-23,V
Hiring new CFO,WSJ,2024-01-29,V
Company beats revenue estimates by wide margin - Breaking,Reuters,2024-02-09,V
Profit margins expand significantly,Bloomberg,2024-05-03,META
Partnership announced with industry leader,Seeking Alpha,2024-03-30,MSFT
Board approves $5 billion share buyback - Update,WSJ,2024-03-21,MSFT
Partnership announced with industry leader - Breaking,FT,2024-04-24,JNJ
Company beats revenue estimates by wide margin,Bloomberg,2024-02-09,AAPL
Board approves $5 billion share buyback,Seeking Alpha,2024-06-16,AAPL
Annual shareholder meeting announced - Update,FT,2024-12-28,V
Company announces routine board meeting,MarketWatch,2024-06-03,META
Credit rating reaffirmed,CNBC,2024-02-14,JNJ
Office expansion plans revealed,MarketWatch,2024-06-08,TSLA
Office location announced - Breaking,WSJ,2024-09-14,NVDA
"Analyst upgrades to Buy, raises price target",Yahoo Finance,2024-06-03,AAPL
Record quarterly revenue reported,MarketWatch,2024-12-19,JPM
Company misses revenue estimates,Yahoo Finance,2024-03-14,V
"Analyst upgrades to Buy, raises price target",WSJ,2024-11-30,TSLA
Company hires new marketing director,WSJ,2024-12-17,AMZN
Supply chain disruptions impact production - Update,WSJ,2024-07-11,META
Patent application filed,Bloomberg,2024-11-01,AMZN
Annual shareholder meeting announced,FT,2024-01-07,AAPL
Board approves $5 billion share buyback,Seeking Alpha,2024-02-27,NVDA
Patent application filed,Bloomberg,2024-10-11,AMZN
Lawsuit filed against company,Reuters,2024-02-08,NVDA
Company hires new marketing director,WSJ,2024-10-14,MSFT
Regulatory investigation launched,Yahoo Finance,2024-01-27,GOOGL
Lawsuit filed against company - Update,FT,2024-10-29,TSLA
Annual shareholder meeting announced - Exclusive,Reuters,2024-09-13,JNJ
Credit rating reaffirmed,Bloomberg,2024-06-11,AAPL
Office expansion plans revealed,Bloomberg,2024-09-27,JPM
Credit rating reaffirmed,Reuters,2024-04-02,TSLA
Partnership announced with industry leader,Yahoo Finance,2024-02-19,AMZN
Dividend increased by 15%,Seeking Alpha,2024-06-29,JPM
Credit rating reaffirmed - Breaking,MarketWatch,2024-06-01,NVDA
Lawsuit filed against company,WSJ,2024-08-15,V
Board approves $5 billion share buyback,WSJ,2024-11-14,META
Executive to speak at conference,Bloomberg,2024-12-09,JPM
Stock plunges on disappointing earnings - Update,Seeking Alpha,2024-10-03,MSFT
Office location announced,Yahoo Finance,2024-04-04,META
Stock plunges on disappointing earnings,Reuters,2024-04-11,V
Partnership announced with industry leader,CNBC,2024-03-28,V
Lawsuit filed against company,Yahoo Finance,2024-06-08,META
Executive to speak at conference,Reuters,2024-07-20,JPM
Supply chain disruptions impact production,Bloomberg,2024-08-12,AAPL
Record quarterly revenue reported,Reuters,2024-03-17,AMZN
Patent application filed,Bloomberg,2024-06-14,NVDA
Patent application filed,Bloomberg,2024-05-22,MSFT
Stock upgraded by multiple analysts,Reuters,2024-12-25,GOOGL
Annual shareholder meeting announced,Yahoo Finance,2024-03-13,NVDA
Record quarterly revenue reported,Seeking Alpha,2024-11-23,MSFT
Credit rating reaffirmed - Breaking,MarketWatch,2024-09-07,NVDA
Stock plunges on disappointing earnings - Breaking,Bloomberg,2024-01-22,JNJ
Company beats revenue estimates by wide margin,WSJ,2024-12-27,MSFT
Executive to speak at conference,WSJ,2024-01-25,GOOGL
Patent application filed,Yahoo Finance,2024-12-21,JPM
Company hires new marketing director,MarketWatch,2024-10-14,GOOGL
Analyst downgrades to Sell,Bloomberg,2024-07-29,META
Profit margins expand significantly - Update,CNBC,2024-05-10,JNJ
Credit rating downgraded,FT,2024-07-25,AAPL
Dividend increased by 15%,Yahoo Finance,2024-07-31,JNJ
Company hires new marketing director - Update,WSJ,2024-08-07,AMZN
Credit rating reaffirmed,Reuters,2024-04-05,V
New product launch exceeds expectations,Bloomberg,2024-08-15,MSFT
Regulatory investigation launched - Breaking,MarketWatch,2024-08-30,GOOGL
Patent application filed - Exclusive,FT,2024-01-18,JPM
Company announces routine board meeting,CNBC,2024-10-08,JPM
New product launch exceeds expectations - Exclusive,Bloomberg,2024-01-14,MSFT
Quarterly report scheduled for next week,Yahoo Finance,2024-02-10,META
Credit rating reaffirmed,Yahoo Finance,2024-08-18,V
Worst quarter in company history,Yahoo Finance,2024-05-24,V
Office expansion plans revealed,CNBC,2024-08-16,TSLA
Stock hits all-time high after strong earnings,Seeking Alpha,2024-06-12,NVDA
Regulatory investigation launched,Bloomberg,2024-07-13,META
CEO resigns effective immediately,FT,2024-09-22,V
Stock hits all-time high after strong earnings,Seeking Alpha,2024-06-19,AAPL
Office expansion plans revealed,WSJ,2024-10-10,V
Stock plunges on disappointing earnings,FT,2024-07-22,TSLA
Lawsuit filed against company - Exclusive,MarketWatch,2024-04-17,AMZN
Supply chain disruptions impact production - Update,MarketWatch,2024-10-19,AMZN
Patent application filed,MarketWatch,2024-02-04,META
Profit margins expand significantly - Update,Reuters,2024-06-27,JNJ
Worst quarter in company history - Exclusive,CNBC,2024-05-05,MSFT
Office expansion plans revealed,Reuters,2024-02-08,JPM
Regulatory investigation launched,MarketWatch,2024-10-20,AMZN
Quarterly report scheduled for next week,FT,2024-11-03,MSFT
Stock upgraded by multiple analysts,Seeking Alpha,2024-12-06,AAPL
Quarterly report scheduled for next week,Seeking Alpha,2024-12-23,TSLA
Regulatory investigation launched,Bloomberg,2024-07-11,NVDA
Quarterly report scheduled for next week - Breaking,Yahoo Finance,2024-04-23,MSFT
Lawsuit filed against company - Exclusive,Seeking Alpha,2024-03-16,JPM
Office expansion plans revealed,Reuters,2024-01-01,GOOGL
Profit warning issued for next quarter - Update,Reuters,2024-03-30,MSFT
Supply chain disruptions impact production,MarketWatch,2024-03-13,AAPL
Record quarterly revenue reported - Update,Reuters,2024-09-01,V
Stock plunges on disappointing earnings - Update,Yahoo Finance,2024-05-11,META
Credit rating downgraded - Breaking,FT,2024-10-05,GOOGL
Company misses revenue estimates - Breaking,Yahoo Finance,2024-03-29,TSLA
Regulatory investigation launched,Bloomberg,2024-07-17,TSLA
Credit rating downgraded,Reuters,2024-10-31,AAPL
Company beats revenue estimates by wide margin,Bloomberg,2024-09-23,GOOGL
Partnership announced with industry leader,Bloomberg,2024-09-21,GOOGL
Company announces routine board meeting - Breaking,Yahoo Finance,2024-04-26,JNJ
Office expansion plans revealed,Bloomberg,2024-10-30,TSLA
Regulatory investigation launched,MarketWatch,2024-02-12,NVDA
Board approves $5 billion share buyback,WSJ,2024-01-21,NVDA
Stock plunges on disappointing earnings,MarketWatch,2024-04-26,V
New product launch exceeds expectations - Exclusive,WSJ,2024-10-03,META
Credit rating downgraded,FT,2024-02-21,GOOGL
Partnership announced with industry leader,WSJ,2024-06-06,MSFT
"Analyst upgrades to Buy, raises price target",WSJ,2024-03-30,V
Office location announced,MarketWatch,2024-04-17,JNJ
Dividend increased by 15%,MarketWatch,2024-11-07,AAPL
Stock upgraded by multiple analysts,Seeking Alpha,2024-02-05,AMZN
New product launch exceeds expectations,Yahoo Finance,2024-06-20,JPM
Company misses revenue estimates,CNBC,2024-05-20,NVDA
Executive to speak at conference - Breaking,WSJ,2024-01-26,V
Regulatory investigation launched,Bloomberg,2024-04-30,JNJ
Partnership announced with industry leader,Reuters,2024-06-02,TSLA
New product launch exceeds expectations,CNBC,2024-04-09,NVDA
Stock upgraded by multiple analysts - Exclusive,WSJ,2024-08-29,TSLA
Regulatory investigation launched,WSJ,2024-08-13,AAPL
Quarterly report scheduled for next week,Yahoo Finance,2024-10-19,GOOGL
Credit rating reaffirmed,CNBC,2024-05-17,V
CEO resigns effective immediately,Reuters,2024-09-10,V
"Analyst upgrades to Buy, raises price target",MarketWatch,2024-03-25,MSFT
Company beats revenue estimates by wide margin,FT,2024-06-15,V
Lawsuit filed against company,Seeking Alpha,2024-07-06,GOOGL
New product launch exceeds expectations,Bloomberg,2024-10-14,NVDA
Company misses revenue estimates,Seeking Alpha,2024-08-16,AAPL
New product launch exceeds expectations,Seeking Alpha,2024-12-18,META
Record quarterly revenue reported,FT,2024-02-18,MSFT
Credit rating reaffirmed - Exclusive,Seeking Alpha,2024-05-28,JPM
Board approves $5 billion share buyback,CNBC,2024-10-26,JNJ
Company beats revenue estimates by wide margin,Bloomberg,2024-08-02,MSFT
Board approves $5 billion share buyback,Bloomberg,2024-10-12,AMZN
Partnership announced with industry leader,Bloomberg,2024-02-05,TSLA
Company misses revenue estimates,MarketWatch,2024-11-06,JNJ
Office location announced,MarketWatch,2024-01-12,AAPL
Profit warning issued for next quarter,WSJ,2024-01-03,NVDA
Credit rating reaffirmed - Breaking,FT,2024-12-25,JPM
Analyst downgrades to Sell,Yahoo Finance,2024-05-28,AMZN
Board approves $5 billion share buyback,Seeking Alpha,2024-08-18,AAPL
Company announces routine board meeting - Breaking,WSJ,2024-08-13,AMZN
Stock hits all-time high after strong earnings,FT,2024-03-06,V
Company announces routine board meeting,Reuters,2024-11-26,GOOGL
Worst quarter in company history,Bloomberg,2024-07-14,MSFT
Quarterly report scheduled for next week,Yahoo Finance,2024-05-22,META
Credit rating reaffirmed - Breaking,WSJ,2024-08-26,AAPL
Stock upgraded by multiple analysts,FT,2024-10-17,JPM
Stock upgraded by multiple analysts - Breaking,CNBC,2024-12-01,NVDA
Worst quarter in company history - Exclusive,FT,2024-06-11,MSFT
Annual shareholder meeting announced,Bloomberg,2024-07-24,AMZN
Supply chain disruptions impact production,Reuters,2024-10-07,META
Stock hits all-time high after strong earnings - Breaking,Reuters,2024-04-19,META
CEO resigns effective immediately,CNBC,2024-01-25,TSLA
"Analyst upgrades to Buy, raises price target",Bloomberg,2024-01-25,AMZN
Company misses revenue estimates,Seeking Alpha,2024-05-07,AMZN
Supply chain disruptions impact production,MarketWatch,2024-06-08,MSFT
Credit rating reaffirmed,MarketWatch,2024-01-05,GOOGL
"Analyst upgrades to Buy, raises price target",Bloomberg,2024-09-23,MSFT
Company hires new marketing director,MarketWatch,2024-03-23,V
Company beats revenue estimates by wide margin,WSJ,2024-07-08,GOOGL
Dividend increased by 15%,WSJ,2024-04-06,AMZN
New product launch exceeds expectations - Update,FT,2024-12-24,AMZN
Company hires new marketing director,WSJ,2024-08-18,MSFT
Profit margins expand significantly - Breaking,Seeking Alpha,2024-01-07,META
CEO resigns effective immediately,FT,2024-03-26,TSLA
Office location announced,Yahoo Finance,2024-08-06,TSLA
Executive to speak at conference,FT,2024-05-17,NVDA
Patent application filed,FT,2024-03-05,TSLA
Patent application filed,FT,2024-06-29,MSFT
Profit margins expand significantly - Update,CNBC,2024-07-06,TSLA
Worst quarter in company history,FT,2024-10-08,AMZN
"Analyst upgrades to Buy, raises price target",WSJ,2024-03-22,JPM
Company beats revenue estimates by wide margin,WSJ,2024-02-11,TSLA
Stock upgraded by multiple analysts - Update,Seeking Alpha,2024-01-17,JPM
Record quarterly revenue reported - Breaking,WSJ,2024-02-17,AAPL
Stock upgraded by multiple analysts - Update,WSJ,2024-07-21,NVDA
"Analyst upgrades to Buy, raises price target",Yahoo Finance,2024-07-18,AAPL
Regulatory investigation launched - Exclusive,Seeking Alpha,2024-06-21,GOOGL
Profit margins expand significantly,Reuters,2024-03-27,TSLA
Partnership announced with industry leader,Reuters,2024-03-27,AAPL
Company misses revenue estimates - Exclusive,Seeking Alpha,2024-01-17,TSLA
Worst quarter in company history,Bloomberg,2024-12-31,AMZN
Stock plunges on disappointing earnings - Exclusive,MarketWatch,2024-01-28,GOOGL
Stock plunges on disappointing earnings,FT,2024-12-15,META
Partnership announced with industry leader,Yahoo Finance,2024-04-20,AAPL
Partnership announced with industry leader,Reuters,2024-11-24,MSFT
Regulatory investigation launched,Reuters,2024-10-18,AMZN
CEO resigns effective immediately,Reuters,2024-04-28,MSFT
Stock upgraded by multiple analysts,WSJ,2024-12-12,JPM
"Analyst upgrades to Buy, raises price target",FT,2024-06-08,MSFT
Stock plunges on disappointing earnings,Reuters,2024-07-01,V
Office expansion plans revealed,Yahoo Finance,2024-05-03,JNJ
Office expansion plans revealed,WSJ,2024-07-31,GOOGL
CEO resigns effective immediately,FT,2024-05-01,NVDA
Dividend increased by 15% - Update,MarketWatch,2024-01-18,TSLA
Company misses revenue estimates,Yahoo Finance,2024-10-28,JPM
CEO resigns effective immediately,WSJ,2024-08-11,META
Executive to speak at conference - Breaking,WSJ,2024-10-11,MSFT
"Analyst upgrades to Buy, raises price target",MarketWatch,2024-10-09,MSFT
Regulatory investigation launched,Seeking Alpha,2024-02-13,META
Stock plunges on disappointing earnings,Reuters,2024-07-02,GOOGL
Executive to speak at conference,FT,2024-01-30,NVDA
Analyst downgrades to Sell,Seeking Alpha,2024-08-16,JPM
Stock upgraded by multiple analysts,Seeking Alpha,2024-05-08,TSLA
Company beats revenue estimates by wide margin - Exclusive,Seeking Alpha,2024-11-15,JNJ
"Analyst upgrades to Buy, raises price target",Bloomberg,2024-10-28,NVDA
Annual shareholder meeting announced,Reuters,2024-04-21,V
Worst quarter in company history,Bloomberg,2024-03-30,JNJ
Executive to speak at conference - Breaking,Yahoo Finance,2024-04-30,MSFT
Company announces routine board meeting,CNBC,2024-08-30,NVDA
Board approves $5 billion share buyback - Update,Bloomberg,2024-05-11,AMZN
Worst quarter in company history,Yahoo Finance,2024-08-14,JNJ
Profit margins expand significantly,Yahoo Finance,2024-12-24,TSLA
Stock upgraded by multiple analysts,WSJ,2024-07-06,V
Company misses revenue estimates,MarketWatch,2024-03-11,AMZN
Company hires new marketing director,Seeking Alpha,2024-08-16,JNJ
Quarterly report scheduled for next week,Seeking Alpha,2024-09-10,JPM
"Analyst upgrades to Buy, raises price target",CNBC,2024-06-07,GOOGL
Lawsuit filed against company,CNBC,2024-05-31,JNJ
Board approves $5 billion share buyback,WSJ,2024-07-10,GOOGL
Profit warning issued for next quarter,Yahoo Finance,2024-07-01,AAPL
Quarterly report scheduled for next week,MarketWatch,2024-04-25,AAPL
Annual shareholder meeting announced - Exclusive,CNBC,2024-11-08,META
Company misses revenue estimates,Yahoo Finance,2024-09-16,AMZN
Profit warning issued for next quarter,MarketWatch,2024-07-16,NVDA
Record quarterly revenue reported - Update,Reuters,2024-03-01,JNJ
Supply chain disruptions impact production,CNBC,2024-04-22,META
Company misses revenue estimates,CNBC,2024-12-30,GOOGL
Company announces routine board meeting,CNBC,2024-10-28,JNJ
Credit rating downgraded,Seeking Alpha,2024-02-18,TSLA
Stock upgraded by multiple analysts - Breaking,Bloomberg,2024-09-16,NVDA
Dividend increased by 15%,Reuters,2024-10-06,V
New product launch exceeds expectations,Yahoo Finance,2024-06-22,V
Worst quarter in company history,WSJ,2024-07-31,JPM
Analyst downgrades to Sell,Yahoo Finance,2024-08-07,NVDA
Company beats revenue estimates by wide margin,Yahoo Finance,2024-04-29,JNJ
Profit warning issued for next quarter,MarketWatch,2024-04-15,V
Company misses revenue estimates,Reuters,2024-10-27,AMZN
Hiring new CFO,Bloomberg,2024-09-06,V
Company announces routine board meeting,Reuters,2024-01-07,META
Regulatory investigation launched,Seeking Alpha,2024-07-21,AMZN
Hiring new CFO,MarketWatch,2024-06-02,JPM
CEO resigns effective immediately,Bloomberg,2024-01-21,MSFT
Profit margins expand significantly,Bloomberg,2024-10-31,GOOGL
Credit rating downgraded - Update,FT,2024-06-09,MSFT
Company announces routine board meeting,Bloomberg,2024-11-22,META
Quarterly report scheduled for next week,Seeking Alpha,2024-03-01,MSFT
Credit rating reaffirmed,Reuters,2024-03-26,AAPL
Lawsuit filed against company,Yahoo Finance,2024-07-16,MSFT
Stock hits all-time high after strong earnings,FT,2024-01-02,META
Profit warning issued for next quarter,Bloomberg,2024-04-07,GOOGL
Company hires new marketing director,WSJ,2024-12-09,JPM
Board approves $5 billion share buyback - Breaking,CNBC,2024-07-10,GOOGL
Lawsuit filed against company,MarketWatch,2024-10-03,AMZN
Patent application filed,Yahoo Finance,2024-08-01,JPM
Partnership announced with industry leader - Breaking,WSJ,2024-04-01,V
Partnership announced with industry leader - Breaking,Reuters,2024-03-06,V
Hiring new CFO,Seeking Alpha,2024-02-13,AAPL
Stock upgraded by multiple analysts,Yahoo Finance,2024-06-15,AMZN
Quarterly report scheduled for next week - Breaking,CNBC,2024-07-15,GOOGL
Stock plunges on disappointing earnings,Bloomberg,2024-01-08,JPM
Credit rating reaffirmed,WSJ,2024-03-25,JPM
Quarterly report scheduled for next week,MarketWatch,2024-08-25,JPM
Supply chain disruptions impact production,WSJ,2024-09-24,MSFT
Dividend increased by 15%,FT,2024-09-15,MSFT
Stock plunges on disappointing earnings - Update,WSJ,2024-05-08,NVDA
Partnership announced with industry leader - Exclusive,FT,2024-09-16,META
CEO resigns effective immediately,Seeking Alpha,2024-05-16,NVDA
Profit warning issued for next quarter - Update,MarketWatch,2024-01-21,MSFT
New product launch exceeds expectations - Breaking,MarketWatch,2024-02-28,NVDA
Annual shareholder meeting announced,CNBC,2024-12-18,AMZN
Office expansion plans revealed - Breaking,Yahoo Finance,2024-05-12,GOOGL
Company hires new marketing director,Reuters,2024-05-13,GOOGL
Credit rating reaffirmed,CNBC,2024-12-29,V
Company announces routine board meeting,Yahoo Finance,2024-05-10,JNJ
Profit warning issued for next quarter,Seeking Alpha,2024-08-05,AAPL
Company announces routine board meeting,Bloomberg,2024-02-10,GOOGL
Regulatory investigation launched,CNBC,2024-10-05,META
Lawsuit filed against company - Exclusive,Yahoo Finance,2024-09-27,GOOGL
Stock hits all-time high after strong earnings,Seeking Alpha,2024-03-06,GOOGL
Partnership announced with industry leader,MarketWatch,2024-07-19,AMZN
Credit rating reaffirmed - Exclusive,MarketWatch,2024-05-07,GOOGL
New product launch exceeds expectations - Exclusive,Yahoo Finance,2024-05-22,TSLA
Company beats revenue estimates by wide margin,FT,2024-10-28,AMZN
CEO resigns effective immediately - Update,MarketWatch,2024-12-20,MSFT
Credit rating downgraded - Exclusive,CNBC,2024-03-31,MSFT
Hiring new CFO,Yahoo Finance,2024-04-09,TSLA
Partnership announced with industry leader,CNBC,2024-01-30,AMZN
Lawsuit filed against company,Seeking Alpha,2024-09-26,JNJ
Board approves $5 billion share buyback,Seeking Alpha,2024-03-23,GOOGL
Company beats revenue estimates by wide margin,Reuters,2024-10-10,AMZN
Company misses revenue estimates - Exclusive,Reuters,2024-09-07,NVDA
Office expansion plans revealed,MarketWatch,2024-04-29,META
Company announces routine board meeting,Seeking Alpha,2024-10-12,V
Stock hits all-time high after strong earnings,Reuters,2024-05-21,TSLA
Company beats revenue estimates by wide margin,Yahoo Finance,2024-08-09,V
New product launch exceeds expectations,WSJ,2024-09-20,MSFT
Record quarterly revenue reported,Yahoo Finance,2024-04-29,NVDA
Profit warning issued for next quarter,Reuters,2024-06-06,GOOGL
Stock plunges on disappointing earnings - Breaking,FT,2024-09-11,TSLA
Profit margins expand significantly,FT,2024-06-20,AAPL
Company announces routine board meeting,FT,2024-11-19,GOOGL
Lawsuit filed against company,Seeking Alpha,2024-03-05,JPM
Company misses revenue estimates,Seeking Alpha,2024-11-27,META
Analyst downgrades to Sell,MarketWatch,2024-12-26,GOOGL
Patent application filed,Yahoo Finance,2024-08-19,TSLA
Credit rating downgraded,Reuters,2024-06-05,GOOGL
New product launch exceeds expectations,WSJ,2024-01-28,AMZN
Executive to speak at conference,CNBC,2024-12-07,MSFT
Hiring new CFO,MarketWatch,2024-12-26,AAPL
Partnership announced with industry leader,Yahoo Finance,2024-08-01,V
Supply chain disruptions impact production,WSJ,2024-09-18,JNJ
Annual shareholder meeting announced,WSJ,2024-12-27,AAPL
Office expansion plans revealed,Reuters,2024-12-20,JPM
CEO resigns effective immediately,FT,2024-12-05,JPM
Lawsuit filed against company,Yahoo Finance,2024-02-18,AAPL
Office location announced - Update,Bloomberg,2024-10-21,TSLA
Company announces routine board meeting,Yahoo Finance,2024-04-15,META
Office location announced,Seeking Alpha,2024-02-06,AAPL
Record quarterly revenue reported - Update,CNBC,2024-02-28,NVDA
Quarterly report scheduled for next week - Update,Seeking Alpha,2024-09-23,GOOGL
Stock plunges on disappointing earnings,Yahoo Finance,2024-02-14,AAPL
Partnership announced with industry leader,WSJ,2024-03-12,JPM
Company hires new marketing director,WSJ,2024-08-27,AAPL
Company misses revenue estimates,WSJ,2024-09-06,TSLA
Partnership announced with industry leader - Breaking,MarketWatch,2024-06-06,NVDA
Lawsuit filed against company,Bloomberg,2024-05-25,MSFT
New product launch exceeds expectations,MarketWatch,2024-03-22,TSLA
Credit rating downgraded,Seeking Alpha,2024-03-24,AAPL
Stock hits all-time high after strong earnings,CNBC,2024-05-22,V
Dividend increased by 15%,FT,2024-04-14,JNJ
"Analyst upgrades to Buy, raises price target - Update",Bloomberg,2024-07-28,GOOGL
Executive to speak at conference,MarketWatch,2024-01-28,GOOGL
Worst quarter in company history,FT,2024-01-02,META
Company beats revenue estimates by wide margin,Seeking Alpha,2024-09-14,AAPL
Record quarterly revenue reported,CNBC,2024-08-22,AAPL
Quarterly report scheduled for next week,Bloomberg,2024-12-22,TSLA
Office location announced,MarketWatch,2024-10-05,JPM
Office expansion plans revealed,FT,2024-04-16,MSFT
New product launch exceeds expectations,MarketWatch,2024-03-13,TSLA
Board approves $5 billion share buyback,WSJ,2024-12-29,MSFT
Company beats revenue estimates by wide margin,WSJ,2024-11-30,V
Quarterly report scheduled for next week,Seeking Alpha,2024-06-08,JNJ
Annual shareholder meeting announced,WSJ,2024-06-15,MSFT
Hiring new CFO,MarketWatch,2024-07-14,TSLA
Hiring new CFO,MarketWatch,2024-05-27,GOOGL
Company hires new marketing director,Bloomberg,2024-05-05,AAPL
Lawsuit filed against company,FT,2024-06-24,AMZN
Hiring new CFO - Update,MarketWatch,2024-04-22,MSFT
Profit margins expand significantly,Seeking Alpha,2024-03-07,AMZN
Patent application filed,Yahoo Finance,2024-12-28,JNJ
Credit rating downgraded,CNBC,2024-05-04,TSLA
Office location announced,Bloomberg,2024-05-04,TSLA
Stock upgraded by multiple analysts,CNBC,2024-03-27,META
New product launch exceeds expectations - Update,Reuters,2024-10-11,AMZN
Lawsuit filed against company,Seeking Alpha,2024-10-04,AMZN
Profit margins expand significantly,Reuters,2024-06-10,META
Company announces routine board meeting - Exclusive,CNBC,2024-02-11,MSFT
Company misses revenue estimates,Reuters,2024-12-06,TSLA
Analyst downgrades to Sell - Exclusive,Reuters,2024-04-01,JPM
Company hires new marketing director,MarketWatch,2024-12-19,AMZN
Credit rating downgraded,CNBC,2024-09-08,MSFT
Partnership announced with industry leader,Seeking Alpha,2024-09-06,GOOGL
Profit margins expand significantly,Seeking Alpha,2024-10-10,TSLA
Lawsuit filed against company,Yahoo Finance,2024-05-26,TSLA
"Analyst upgrades to Buy, raises price target",FT,2024-02-16,META
Company announces routine board meeting,MarketWatch,2024-01-05,AAPL
Hiring new CFO,Yahoo Finance,2024-01-12,META
Lawsuit filed against company - Breaking,Seeking Alpha,2024-04-17,AMZN
Board approves $5 billion share buyback,Bloomberg,2024-08-15,META
Stock plunges on disappointing earnings,Seeking Alpha,2024-07-21,V
Credit rating downgraded,CNBC,2024-08-06,MSFT
Credit rating reaffirmed - Exclusive,MarketWatch,2024-09-16,NVDA
Company misses revenue estimates,MarketWatch,2024-11-24,JPM
Worst quarter in company history,Reuters,2024-08-12,JPM
Credit rating downgraded,CNBC,2024-11-20,NVDA
Profit warning issued for next quarter,Yahoo Finance,2024-12-14,META
Stock plunges on disappointing earnings - Breaking,Bloomberg,2024-11-15,TSLA
Profit warning issued for next quarter - Update,Seeking Alpha,2024-02-04,JPM
Office location announced - Exclusive,CNBC,2024-01-19,MSFT
Partnership announced with industry leader - Exclusive,Yahoo Finance,2024-05-14,GOOGL
Stock hits all-time high after strong earnings,FT,2024-01-01,TSLA
Company misses revenue estimates,FT,2024-07-06,V
Stock hits all-time high after strong earnings - Breaking,MarketWatch,2024-04-13,NVDA
Record quarterly revenue reported,Yahoo Finance,2024-09-16,META
Stock plunges on disappointing earnings,CNBC,2024-07-06,MSFT
Company misses revenue estimates - Exclusive,Yahoo Finance,2024-01-16,MSFT
Partnership announced with industry leader,Bloomberg,2024-08-21,META
Credit rating reaffirmed,Bloomberg,2024-01-13,JPM
Regulatory investigation launched,Bloomberg,2024-10-21,GOOGL
Partnership announced with industry leader,Seeking Alpha,2024-02-24,META
Company hires new marketing director,MarketWatch,2024-11-16,AAPL
Record quarterly revenue reported,FT,2024-01-21,GOOGL
Company announces routine board meeting,Reuters,2024-08-01,AAPL
Quarterly report scheduled for next week,Yahoo Finance,2024-03-14,JNJ
New product launch exceeds expectations,WSJ,2024-05-27,MSFT
CEO resigns effective immediately,Yahoo Finance,2024-02-22,JPM
Regulatory investigation launched,MarketWatch,2024-09-16,NVDA
Partnership announced with industry leader,MarketWatch,2024-10-16,MSFT
Hiring new CFO,CNBC,2024-12-26,AAPL
Regulatory investigation launched,Reuters,2024-12-14,JNJ
Supply chain disruptions impact production,Yahoo Finance,2024-07-27,NVDA
Hiring new CFO - Update,Yahoo Finance,2024-11-20,V
Company hires new marketing director - Update,Reuters,2024-04-16,GOOGL
Record quarterly revenue reported - Breaking,MarketWatch,2024-11-02,GOOGL
Lawsuit filed against company,Seeking Alpha,2024-06-27,TSLA
Lawsuit filed against company,Bloomberg,2024-11-11,V
Hiring new CFO,MarketWatch,2024-01-23,TSLA
Company announces routine board meeting - Update,Reuters,2024-01-24,AAPL
New product launch exceeds expectations,Yahoo Finance,2024-07-19,TSLA
Worst quarter in company history,WSJ,2024-10-19,JNJ
Lawsuit filed against company,Seeking Alpha,2024-12-24,V
Company beats revenue estimates by wide margin,Bloomberg,2024-09-12,GOOGL
Analyst downgrades to Sell,MarketWatch,2024-01-13,MSFT
Profit margins expand significantly - Exclusive,Bloomberg,2024-01-16,V
Record quarterly revenue reported - Breaking,Seeking Alpha,2024-04-09,NVDA
Company misses revenue estimates,Reuters,2024-08-03,JPM
Dividend increased by 15%,CNBC,2024-01-28,META
Analyst downgrades to Sell,WSJ,2024-11-05,META
Stock hits all-time high after strong earnings - Exclusive,CNBC,2024-01-13,V
Lawsuit filed against company,Bloomberg,2024-02-22,TSLA
Stock upgraded by multiple analysts,FT,2024-04-11,JPM
"Analyst upgrades to Buy, raises price target",WSJ,2024-05-17,GOOGL
Office expansion plans revealed,Yahoo Finance,2024-01-17,META
Worst quarter in company history,CNBC,2024-08-15,JNJ
Credit rating reaffirmed,Reuters,2024-12-05,NVDA
Credit rating reaffirmed,Reuters,2024-04-13,JNJ
Analyst downgrades to Sell,FT,2024-06-18,V
"Analyst upgrades to Buy, raises price target",MarketWatch,2024-08-11,TSLA
Office expansion plans revealed,Bloomberg,2024-01-07,AMZN
Office expansion plans revealed,Seeking Alpha,2024-07-26,TSLA
New product launch exceeds expectations,WSJ,2024-04-20,GOOGL
Record quarterly revenue reported,Seeking Alpha,2024-08-12,NVDA
Office expansion plans revealed,FT,2024-08-01,AMZN
Partnership announced with industry leader,Reuters,2024-06-05,MSFT
"Analyst upgrades to Buy, raises price target",MarketWatch,2024-05-03,NVDA
Analyst downgrades to Sell,Bloomberg,2024-04-13,V
Quarterly report scheduled for next week,Seeking Alpha,2024-11-26,META
Record quarterly revenue reported,Bloomberg,2024-07-17,JNJ
Office expansion plans revealed,Bloomberg,2024-10-27,GOOGL
Stock plunges on disappointing earnings - Exclusive,MarketWatch,2024-11-16,AAPL
Regulatory investigation launched - Breaking,WSJ,2024-02-26,V
CEO resigns effective immediately,Reuters,2024-01-05,AMZN
Worst quarter in company history,Seeking Alpha,2024-02-23,AAPL
Supply chain disruptions impact production,Bloomberg,2024-01-15,JNJ
Company announces routine board meeting - Breaking,Yahoo Finance,2024-03-02,META
Office location announced,Bloomberg,2024-10-28,GOOGL
Office location announced - Update,CNBC,2024-04-17,AAPL
Lawsuit filed against company - Update,Bloomberg,2024-01-11,META
Record quarterly revenue reported,CNBC,2024-09-08,JPM
Annual shareholder meeting announced - Update,WSJ,2024-05-18,TSLA
Office expansion plans revealed - Exclusive,MarketWatch,2024-12-23,META
Supply chain disruptions impact production - Exclusive,FT,2024-02-28,MSFT
Lawsuit filed against company - Update,Seeking Alpha,2024-09-03,JPM
Company misses revenue estimates - Breaking,Seeking Alpha,2024-04-03,AAPL
Stock plunges on disappointing earnings,CNBC,2024-03-24,JPM
Supply chain disruptions impact production,Yahoo Finance,2024-02-13,V
Profit margins expand significantly,FT,2024-06-04,JNJ
Stock plunges on disappointing earnings,Bloomberg,2024-09-08,JPM
"Analyst upgrades to Buy, raises price target",Seeking Alpha,2024-03-31,META
Profit margins expand significantly,FT,2024-12-29,JNJ
New product launch exceeds expectations,Seeking Alpha,2024-09-03,MSFT
Credit rating downgraded,Reuters,2024-04-02,NVDA
Lawsuit filed against company,WSJ,2024-04-26,GOOGL
Company beats revenue estimates by wide margin - Exclusive,Bloomberg,2024-07-24,AAPL
Supply chain disruptions impact production - Update,WSJ,2024-06-29,MSFT
New product launch exceeds expectations - Update,Bloomberg,2024-06-02,AMZN
Worst quarter in company history,CNBC,2024-07-21,V
Record quarterly revenue reported,Reuters,2024-10-04,MSFT
Hiring new CFO,FT,2024-03-08,TSLA
Stock plunges on disappointing earnings,FT,2024-04-08,JNJ
Credit rating downgraded,WSJ,2024-07-17,NVDA
Dividend increased by 15% - Update,FT,2024-05-11,NVDA
Stock upgraded by multiple analysts - Breaking,WSJ,2024-04-18,JPM
Record quarterly revenue reported,Seeking Alpha,2024-04-12,V
Annual shareholder meeting announced,MarketWatch,2024-07-13,JPM
Annual shareholder meeting announced - Update,WSJ,2024-01-24,JPM
Stock upgraded by multiple analysts - Breaking,Reuters,2024-06-29,JPM
Worst quarter in company history,FT,2024-12-16,TSLA
Office location announced,FT,2024-09-05,META
Board approves $5 billion share buyback,Bloomberg,2024-06-16,NVDA
Dividend increased by 15%,FT,2024-07-30,GOOGL
Credit rating downgraded,WSJ,2024-11-27,META
Credit rating downgraded,MarketWatch,2024-06-17,TSLA
Company misses revenue estimates,Bloomberg,2024-01-30,TSLA
Office expansion plans revealed,CNBC,2024-07-24,V
Office location announced,MarketWatch,2024-08-15,NVDA
Profit warning issued for next quarter,FT,2024-11-05,TSLA
Partnership announced with industry leader,CNBC,2024-10-13,JNJ
Stock upgraded by multiple analysts,Bloomberg,2024-09-11,V
Lawsuit filed against company - Breaking,Yahoo Finance,2024-09-29,AMZN
Profit warning issued for next quarter,Reuters,2024-05-02,TSLA
Profit margins expand significantly,Reuters,2024-07-09,V
Credit rating downgraded,Reuters,2024-03-28,MSFT
Partnership announced with industry leader,MarketWatch,2024-07-16,AAPL
Regulatory investigation launched,MarketWatch,2024-05-05,V
Lawsuit filed against company,Reuters,2024-03-13,META
Board approves $5 billion share buyback,FT,2024-01-03,AAPL
Lawsuit filed against company,MarketWatch,2024-04-18,NVDA
Stock hits all-time high after strong earnings,Bloomberg,2024-09-27,AMZN
New product launch exceeds expectations,CNBC,2024-02-12,AMZN
Company beats revenue estimates by wide margin,Bloomberg,2024-10-15,MSFT
Company hires new marketing director,Seeking Alpha,2024-11-10,GOOGL
Board approves $5 billion share buyback,Reuters,2024-06-16,GOOGL
Company announces routine board meeting,CNBC,2024-12-01,META
Partnership announced with industry leader,Seeking Alpha,2024-05-26,JNJ
Office expansion plans revealed,WSJ,2024-05-30,MSFT
Hiring new CFO - Update,FT,2024-11-23,NVDA
CEO resigns effective immediately,CNBC,2024-04-23,NVDA
Credit rating downgraded,WSJ,2024-11-23,AAPL
Lawsuit filed against company,FT,2024-11-26,TSLA
Annual shareholder meeting announced,Yahoo Finance,2024-04-06,TSLA
Office expansion plans revealed - Update,Yahoo Finance,2024-02-28,AAPL
Office location announced,Reuters,2024-01-19,META
Profit margins expand significantly,Yahoo Finance,2024-02-16,NVDA
New product launch exceeds expectations - Breaking,MarketWatch,2024-03-19,NVDA
CEO resigns effective immediately,Seeking Alpha,2024-11-05,JPM
Worst quarter in company history,Bloomberg,2024-11-14,JNJ
Record quarterly revenue reported - Breaking,Yahoo Finance,2024-06-05,JNJ
Lawsuit filed against company,Bloomberg,2024-11-20,V
Profit margins expand significantly,WSJ,2024-08-06,AAPL
Analyst downgrades to Sell,CNBC,2024-09-22,MSFT
Office expansion plans revealed,Bloomberg,2024-05-03,JPM
Stock upgraded by multiple analysts,Bloomberg,2024-10-21,META
Worst quarter in company history,Yahoo Finance,2024-05-27,GOOGL
Worst quarter in company history,Bloomberg,2024-11-04,MSFT
Executive to speak at conference - Exclusive,CNBC,2024-09-22,V
Stock hits all-time high after strong earnings,Yahoo Finance,2024-08-20,AMZN
Annual shareholder meeting announced,FT,2024-03-05,GOOGL
Patent application filed,FT,2024-03-19,META
Credit rating downgraded - Exclusive,Seeking Alpha,2024-10-04,AMZN
"Analyst upgrades to Buy, raises price target",FT,2024-10-10,AAPL
Lawsuit filed against company,MarketWatch,2024-10-31,V
New product launch exceeds expectations - Breaking,WSJ,2024-03-13,JNJ
Board approves $5 billion share buyback - Update,Bloomberg,2024-10-09,META
Supply chain disruptions impact production,CNBC,2024-12-06,V
Credit rating reaffirmed - Update,CNBC,2024-03-13,JNJ
Credit rating downgraded,Reuters,2024-02-12,V
Record quarterly revenue reported,WSJ,2024-06-16,NVDA
Lawsuit filed against company - Exclusive,Seeking Alpha,2024-02-16,AAPL
Office expansion plans revealed,CNBC,2024-10-16,JPM
Stock plunges on disappointing earnings,CNBC,2024-11-13,JNJ
Stock hits all-time high after strong earnings,Bloomberg,2024-04-03,NVDA
Stock upgraded by multiple analysts - Exclusive,CNBC,2024-06-12,JPM
CEO resigns effective immediately,Yahoo Finance,2024-11-16,NVDA
Hiring new CFO - Exclusive,Yahoo Finance,2024-07-27,V
Company hires new marketing director,Reuters,2024-10-21,AAPL
Credit rating reaffirmed,Yahoo Finance,2024-02-06,V
Supply chain disruptions impact production,FT,2024-09-14,JNJ
Stock plunges on disappointing earnings,Yahoo Finance,2024-06-16,AMZN
Supply chain disruptions impact production,FT,2024-11-30,MSFT
"Analyst upgrades to Buy, raises price target",Seeking Alpha,2024-05-18,JNJ
Office expansion plans revealed,Yahoo Finance,2024-09-12,NVDA
Company hires new marketing director,Seeking Alpha,2024-11-19,AAPL
Quarterly report scheduled for next week,Yahoo Finance,2024-08-29,V
Stock hits all-time high after strong earnings - Update,Seeking Alpha,2024-05-12,AAPL
Stock upgraded by multiple analysts - Breaking,MarketWatch,2024-04-18,AMZN
Credit rating downgraded,FT,2024-05-08,AMZN
Analyst downgrades to Sell,Seeking Alpha,2024-08-21,NVDA
Office expansion plans revealed,MarketWatch,2024-02-21,JPM
Office expansion plans revealed - Breaking,Seeking Alpha,2024-02-24,TSLA
New product launch exceeds expectations,Reuters,2024-12-27,JNJ
Dividend increased by 15%,Reuters,2024-07-31,V
Board approves $5 billion share buyback,CNBC,2024-02-08,META
Record quarterly revenue reported - Breaking,MarketWatch,2024-03-16,NVDA
Profit warning issued for next quarter,Reuters,2024-08-01,V
Company hires new marketing director,MarketWatch,2024-05-20,AMZN
Regulatory investigation launched,FT,2024-09-03,JPM
Company announces routine board meeting,Yahoo Finance,2024-04-17,MSFT
Office location announced,Reuters,2024-07-27,JNJ
Credit rating downgraded,Bloomberg,2024-04-24,AMZN
"Analyst upgrades to Buy, raises price target",WSJ,2024-01-11,NVDA
Quarterly report scheduled for next week,MarketWatch,2024-05-26,META
Regulatory investigation launched,Seeking Alpha,2024-03-12,V
Regulatory investigation launched,Reuters,2024-01-19,GOOGL
Stock upgraded by multiple analysts,Bloomberg,2024-12-19,GOOGL
Company misses revenue estimates - Breaking,FT,2024-08-26,AAPL
Company announces routine board meeting,FT,2024-10-21,JPM
Patent application filed,FT,2024-11-20,JNJ
Lawsuit filed against company,Bloomberg,2024-10-31,NVDA
Company announces routine board meeting,Yahoo Finance,2024-01-17,V
Annual shareholder meeting announced,MarketWatch,2024-01-29,TSLA
Stock plunges on disappointing earnings,WSJ,2024-05-23,V
Executive to speak at conference,Seeking Alpha,2024-11-07,AAPL
Company hires new marketing director - Update,CNBC,2024-12-29,GOOGL
Executive to speak at conference,Yahoo Finance,2024-12-04,GOOGL
"Analyst upgrades to Buy, raises price target",MarketWatch,2024-05-18,TSLA
CEO resigns effective immediately,Seeking Alpha,2024-05-25,GOOGL
Profit warning issued for next quarter,Seeking Alpha,2024-01-22,META
Analyst downgrades to Sell,Seeking Alpha,2024-10-18,AMZN
Office expansion plans revealed - Breaking,Bloomberg,2024-11-28,META
Regulatory investigation launched,FT,2024-05-02,JNJ
Company hires new marketing director,CNBC,2024-06-30,JPM
Annual shareholder meeting announced,WSJ,2024-02-29,AMZN
Stock plunges on disappointing earnings,CNBC,2024-04-05,MSFT
Office location announced - Update,WSJ,2024-06-07,MSFT
Company hires new marketing director,Seeking Alpha,2024-05-15,V
Patent application filed,Seeking Alpha,2024-11-13,NVDA
Patent application filed,CNBC,2024-07-29,NVDA
Credit rating reaffirmed,WSJ,2024-08-02,GOOGL
Company announces routine board meeting,WSJ,2024-09-01,META
Office location announced,Bloomberg,2024-09-25,META
Profit warning issued for next quarter,CNBC,2024-11-08,JPM
Company misses revenue estimates,Yahoo Finance,2024-08-09,JNJ
Analyst downgrades to Sell,Seeking Alpha,2024-03-21,JNJ
"Analyst upgrades to Buy, raises price target",CNBC,2024-12-11,NVDA
Supply chain disruptions impact production - Update,Seeking Alpha,2024-03-02,META
Office expansion plans revealed,Yahoo Finance,2024-08-09,AAPL
Office location announced,WSJ,2024-04-19,AMZN
Dividend increased by 15%,MarketWatch,2024-07-25,AMZN
Quarterly report scheduled for next week - Breaking,FT,2024-12-05,AAPL
Credit rating reaffirmed,FT,2024-03-03,META
Board approves $5 billion share buyback,Seeking Alpha,2024-06-11,TSLA
Credit rating reaffirmed,Bloomberg,2024-06-24,META
Office expansion plans revealed - Exclusive,Seeking Alpha,2024-08-19,NVDA
Partnership announced with industry leader,Bloomberg,2024-09-14,JPM
Stock plunges on disappointing earnings - Update,Seeking Alpha,2024-02-07,AMZN
Analyst downgrades to Sell,MarketWatch,2024-03-31,JNJ
Company beats revenue estimates by wide margin - Exclusive,MarketWatch,2024-05-22,AAPL
Company beats revenue estimates by wide margin,CNBC,2024-10-30,TSLA
Company beats revenue estimates by wide margin,MarketWatch,2024-04-23,AAPL
New product launch exceeds expectations,MarketWatch,2024-09-12,JNJ
Company beats revenue estimates by wide margin - Update,FT,2024-05-04,JNJ
Credit rating downgraded,FT,2024-01-29,GOOGL
Stock plunges on disappointing earnings,FT,2024-06-01,AMZN
Profit warning issued for next quarter,Seeking Alpha,2024-05-18,MSFT
Quarterly report scheduled for next week,MarketWatch,2024-11-10,TSLA
Credit rating downgraded,Bloomberg,2024-09-02,AAPL
Stock upgraded by multiple analysts,Reuters,2024-01-14,MSFT
Annual shareholder meeting announced,Bloomberg,2024-03-15,TSLA
Analyst downgrades to Sell,Reuters,2024-02-28,V
Record quarterly revenue reported,Yahoo Finance,2024-12-04,AAPL
Dividend increased by 15%,MarketWatch,2024-04-13,META
Executive to speak at conference,Reuters,2024-04-02,MSFT
Worst quarter in company history,Reuters,2024-02-28,JPM
Executive to speak at conference,Yahoo Finance,2024-05-10,JPM
Patent application filed,FT,2024-11-17,TSLA
Lawsuit filed against company,WSJ,2024-01-26,JPM
Analyst downgrades to Sell,Yahoo Finance,2024-05-27,JPM
Company hires new marketing director,Yahoo Finance,2024-07-27,AMZN
Worst quarter in company history,Yahoo Finance,2024-11-13,NVDA
Profit warning issued for next quarter - Exclusive,Seeking Alpha,2024-06-03,TSLA
Quarterly report scheduled for next week,MarketWatch,2024-03-13,GOOGL
Credit rating downgraded,Bloomberg,2024-08-26,NVDA
Office expansion plans revealed,MarketWatch,2024-08-09,AMZN
Credit rating reaffirmed,MarketWatch,2024-09-24,AAPL
Lawsuit filed against company - Breaking,FT,2024-01-11,MSFT
Supply chain disruptions impact production,Bloomberg,2024-10-16,AMZN
Supply chain disruptions impact production,Bloomberg,2024-02-21,TSLA
Worst quarter in company history - Breaking,Reuters,2024-10-22,JPM
Partnership announced with industry leader,MarketWatch,2024-12-25,JPM
Company hires new marketing director,WSJ,2024-05-17,NVDA
Credit rating reaffirmed,FT,2024-01-13,AMZN
Profit margins expand significantly,WSJ,2024-08-10,MSFT
Board approves $5 billion share buyback - Exclusive,Seeking Alpha,2024-10-04,MSFT
Quarterly report scheduled for next week,Yahoo Finance,2024-04-05,TSLA
Board approves $5 billion share buyback,Seeking Alpha,2024-08-25,JPM
Company beats revenue estimates by wide margin,WSJ,2024-12-08,AAPL
Stock hits all-time high after strong earnings,MarketWatch,2024-11-08,NVDA
Stock upgraded by multiple analysts,Bloomberg,2024-09-21,META
Company misses revenue estimates,Bloomberg,2024-04-15,NVDA
Dividend increased by 15%,Seeking Alpha,2024-02-09,AMZN
Patent application filed,Bloomberg,2024-11-28,V
Analyst downgrades to Sell,CNBC,2024-11-22,V
Company beats revenue estimates by wide margin,Seeking Alpha,2024-10-21,AMZN
Annual shareholder meeting announced,Yahoo Finance,2024-12-30,AAPL
Lawsuit filed against company,CNBC,2024-03-17,V
Credit rating reaffirmed,MarketWatch,2024-11-05,AMZN
Credit rating reaffirmed,Reuters,2024-11-28,META
Board approves $5 billion share buyback - Update,Yahoo Finance,2024-05-10,META
"Analyst upgrades to Buy, raises price target - Update",Yahoo Finance,2024-07-18,NVDA
Partnership announced with industry leader,Yahoo Finance,2024-07-24,GOOGL
Stock upgraded by multiple analysts,CNBC,2024-03-16,AAPL
Annual shareholder meeting announced - Exclusive,FT,2024-07-08,AMZN
Office expansion plans revealed,MarketWatch,2024-09-10,TSLA
Patent application filed,MarketWatch,2024-01-13,JNJ
Supply chain disruptions impact production,WSJ,2024-07-23,AAPL
Executive to speak at conference,Reuters,2024-09-29,JPM
Patent application filed,CNBC,2024-04-18,NVDA
CEO resigns effective immediately,CNBC,2024-04-20,NVDA
Profit margins expand significantly,Reuters,2024-07-07,NVDA
"Analyst upgrades to Buy, raises price target",MarketWatch,2024-10-12,NVDA
Company misses revenue estimates,FT,2024-08-25,MSFT
Company misses revenue estimates,Yahoo Finance,2024-05-28,NVDA
Lawsuit filed against company,WSJ,2024-05-22,V
Worst quarter in company history,MarketWatch,2024-02-22,NVDA
Worst quarter in company history,Reuters,2024-11-03,V
Executive to speak at conference - Exclusive,CNBC,2024-04-07,V
Regulatory investigation launched,FT,2024-03-12,AAPL
Stock plunges on disappointing earnings - Breaking,CNBC,2024-05-18,NVDA
Stock plunges on disappointing earnings,Reuters,2024-08-08,TSLA
Company announces routine board meeting - Breaking,Yahoo Finance,2024-04-11,TSLA
Company misses revenue estimates - Breaking,Seeking Alpha,2024-08-20,AAPL
Company beats revenue estimates by wide margin,Seeking Alpha,2024-10-31,TSLA
Credit rating downgraded,Seeking Alpha,2024-12-04,NVDA
Credit rating reaffirmed,Yahoo Finance,2024-05-26,JPM
Board approves $5 billion share buyback,Yahoo Finance,2024-04-28,TSLA
Credit rating downgraded,Yahoo Finance,2024-08-05,AAPL
Stock plunges on disappointing earnings,FT,2024-11-03,JNJ
Lawsuit filed against company,MarketWatch,2024-07-06,GOOGL
Patent application filed,Yahoo Finance,2024-12-25,JPM
Annual shareholder meeting announced - Breaking,Bloomberg,2024-10-30,JPM
Stock hits all-time high after strong earnings - Breaking,WSJ,2024-05-16,JPM
Analyst downgrades to Sell,MarketWatch,2024-05-21,V
"Analyst upgrades to Buy, raises price target",Seeking Alpha,2024-04-27,JNJ
Record quarterly revenue reported,Seeking Alpha,2024-12-25,JNJ
Credit rating downgraded - Update,CNBC,2024-10-09,AAPL
Regulatory investigation launched,Reuters,2024-06-29,JNJ
Regulatory investigation launched,MarketWatch,2024-12-05,NVDA
New product launch exceeds expectations,MarketWatch,2024-05-08,META
Office expansion plans revealed,CNBC,2024-05-28,V
Worst quarter in company history - Breaking,FT,2024-10-20,JNJ
Patent application filed,MarketWatch,2024-10-28,V
Company announces routine board meeting,Bloomberg,2024-03-10,AAPL
Stock plunges on disappointing earnings,MarketWatch,2024-03-31,MSFT
Company announces routine board meeting - Breaking,Seeking Alpha,2024-05-30,GOOGL
Partnership announced with industry leader,Reuters,2024-06-28,AAPL
Partnership announced with industry leader - Update,Seeking Alpha,2024-01-05,JNJ
Company misses revenue estimates,FT,2024-02-25,META
Company hires new marketing director,CNBC,2024-08-27,MSFT
Stock hits all-time high after strong earnings,CNBC,2024-01-30,NVDA
Patent application filed,Seeking Alpha,2024-08-07,JNJ
Office location announced,MarketWatch,2024-07-04,TSLA
Hiring new CFO,MarketWatch,2024-01-31,AMZN
Office expansion plans revealed,MarketWatch,2024-10-04,JPM
Profit margins expand significantly,Reuters,2024-09-05,JNJ
Executive to speak at conference - Exclusive,Reuters,2024-01-22,META
Company beats revenue estimates by wide margin,Seeking Alpha,2024-07-08,AAPL
Lawsuit filed against company,FT,2024-05-24,META
Lawsuit filed against company,FT,2024-09-18,GOOGL
CEO resigns effective immediately,Seeking Alpha,2024-05-22,META
Company hires new marketing director,Reuters,2024-09-01,JPM
Company beats revenue estimates by wide margin,FT,2024-02-27,AAPL
Quarterly report scheduled for next week,Bloomberg,2024-10-29,TSLA
Patent application filed,Yahoo Finance,2024-02-28,MSFT
Supply chain disruptions impact production,Reuters,2024-01-14,NVDA
Analyst downgrades to Sell,CNBC,2024-03-03,GOOGL
Lawsuit filed against company,WSJ,2024-04-09,GOOGL
Patent application filed - Update,FT,2024-05-24,NVDA
Stock plunges on disappointing earnings - Exclusive,Seeking Alpha,2024-06-12,META
Patent application filed,FT,2024-08-26,AMZN
Partnership announced with industry leader,WSJ,2024-07-08,AMZN
Company misses revenue estimates,Seeking Alpha,2024-08-24,MSFT
Company beats revenue estimates by wide margin,Seeking Alpha,2024-09-27,V
Dividend increased by 15%,Seeking Alpha,2024-03-11,JPM
Analyst downgrades to Sell - Breaking,FT,2024-11-08,GOOGL
Office location announced,Bloomberg,2024-07-15,TSLA
Company hires new marketing director,Bloomberg,2024-06-19,NVDA
Profit margins expand significantly,Seeking Alpha,2024-05-01,AMZN
Company hires new marketing director - Breaking,Bloomberg,2024-09-27,JPM
Patent application filed,FT,2024-07-20,AMZN
Board approves $5 billion share buyback,CNBC,2024-11-18,JNJ
Stock plunges on disappointing earnings,Seeking Alpha,2024-12-02,V
Credit rating downgraded,Yahoo Finance,2024-10-17,META
Stock hits all-time high after strong earnings,Seeking Alpha,2024-09-03,JNJ
Company beats revenue estimates by wide margin - Exclusive,Yahoo Finance,2024-08-12,MSFT
Lawsuit filed against company,Reuters,2024-10-05,JNJ
Credit rating downgraded - Update,MarketWatch,2024-09-12,NVDA
Office location announced,Bloomberg,2024-08-24,JPM
Profit warning issued for next quarter,Bloomberg,2024-07-24,JNJ
Office expansion plans revealed,Yahoo Finance,2024-05-06,V
Office expansion plans revealed,WSJ,2024-02-17,MSFT
Stock upgraded by multiple analysts,CNBC,2024-03-25,TSLA
Executive to speak at conference - Exclusive,Reuters,2024-03-04,MSFT
Analyst downgrades to Sell,Bloomberg,2024-02-23,AAPL
Credit rating downgraded,FT,2024-07-05,JNJ
Profit warning issued for next quarter,WSJ,2024-08-26,JNJ
Analyst downgrades to Sell,WSJ,2024-09-02,MSFT
Patent application filed,CNBC,2024-03-19,JPM
Dividend increased by 15%,MarketWatch,2024-03-03,JPM
Credit rating reaffirmed,Yahoo Finance,2024-02-12,AAPL
Company hires new marketing director,WSJ,2024-01-08,TSLA
Patent application filed,WSJ,2024-04-27,TSLA
Office location announced,Yahoo Finance,2024-03-11,AMZN
Credit rating reaffirmed,FT,2024-07-13,AMZN
Regulatory investigation launched,CNBC,2024-04-15,TSLA
Profit margins expand significantly,WSJ,2024-10-11,AMZN
Office expansion plans revealed,WSJ,2024-08-11,MSFT
Profit margins expand significantly - Breaking,FT,2024-10-01,NVDA
"Analyst upgrades to Buy, raises price target",Yahoo Finance,2024-08-08,AMZN
Executive to speak at conference,MarketWatch,2024-11-24,NVDA
Credit rating downgraded,Yahoo Finance,2024-04-25,V
Worst quarter in company history,WSJ,2024-02-19,MSFT
Profit margins expand significantly,Yahoo Finance,2024-03-15,TSLA
Executive to speak at conference,FT,2024-10-26,MSFT
Company misses revenue estimates - Breaking,MarketWatch,2024-05-14,AMZN
Credit rating downgraded,MarketWatch,2024-06-11,V
Company announces routine board meeting - Exclusive,MarketWatch,2024-06-29,MSFT
Annual shareholder meeting announced,Bloomberg,2024-07-12,JPM
Lawsuit filed against company,Seeking Alpha,2024-10-28,NVDA
Company announces routine board meeting,Seeking Alpha,2024-05-08,NVDA
Company announces routine board meeting,Bloomberg,2024-11-01,AAPL
Stock hits all-time high after strong earnings,Seeking Alpha,2024-11-16,TSLA
Stock upgraded by multiple analysts,Bloomberg,2024-10-06,AMZN
Analyst downgrades to Sell,CNBC,2024-10-22,MSFT
Stock plunges on disappointing earnings - Exclusive,WSJ,2024-07-13,JNJ
Annual shareholder meeting announced,Bloomberg,2024-10-31,MSFT
Credit rating reaffirmed,WSJ,2024-06-14,V
Company hires new marketing director,Bloomberg,2024-10-22,AAPL
Company misses revenue estimates,Yahoo Finance,2024-02-11,TSLA
Executive to speak at conference,Yahoo Finance,2024-07-03,AMZN
Supply chain disruptions impact production,Reuters,2024-12-01,MSFT
Patent application filed,WSJ,2024-03-13,JNJ
Record quarterly revenue reported,Reuters,2024-08-13,AMZN
Dividend increased by 15%,Reuters,2024-05-03,AMZN
Hiring new CFO,Bloomberg,2024-06-07,V
CEO resigns effective immediately,MarketWatch,2024-01-12,TSLA
Credit rating reaffirmed,MarketWatch,2024-10-06,TSLA
Stock upgraded by multiple analysts,FT,2024-05-25,JPM
CEO resigns effective immediately - Breaking,WSJ,2024-05-29,JPM
Board approves $5 billion share buyback,WSJ,2024-01-22,AMZN
Hiring new CFO,Reuters,2024-06-12,AMZN
Supply chain disruptions impact production,MarketWatch,2024-12-30,TSLA
New product launch exceeds expectations,CNBC,2024-08-18,META
Analyst downgrades to Sell,FT,2024-03-27,NVDA
CEO resigns effective immediately,WSJ,2024-06-17,META
Regulatory investigation launched,FT,2024-04-18,AMZN
Quarterly report scheduled for next week,CNBC,2024-07-24,AAPL
Company announces routine board meeting,Reuters,2024-03-23,META
Office location announced,Seeking Alpha,2024-09-07,AMZN
Company beats revenue estimates by wide margin - Update,Yahoo Finance,2024-04-04,META
"Analyst upgrades to Buy, raises price target",WSJ,2024-08-06,V
Partnership announced with industry leader,WSJ,2024-12-08,NVDA
Regulatory investigation launched - Exclusive,FT,2024-02-23,JNJ
Profit warning issued for next quarter - Breaking,CNBC,2024-07-11,JNJ
Company announces routine board meeting,Reuters,2024-07-12,AMZN
Board approves $5 billion share buyback,Seeking Alpha,2024-06-09,GOOGL
Credit rating reaffirmed,CNBC,2024-12-29,AMZN
Company misses revenue estimates,MarketWatch,2024-09-16,GOOGL
Executive to speak at conference - Exclusive,FT,2024-06-19,V
Executive to speak at conference,MarketWatch,2024-12-30,META
Stock plunges on disappointing earnings,WSJ,2024-07-18,JNJ
Patent application filed,Bloomberg,2024-10-25,V
Worst quarter in company history,Seeking Alpha,2024-02-08,GOOGL
Analyst downgrades to Sell,MarketWatch,2024-09-23,JNJ
Stock upgraded by multiple analysts - Breaking,Bloomberg,2024-10-01,META
CEO resigns effective immediately,Reuters,2024-08-07,AAPL
Company beats revenue estimates by wide margin - Exclusive,WSJ,2024-09-19,NVDA
Company hires new marketing director - Breaking,Yahoo Finance,2024-12-31,GOOGL
Company announces routine board meeting,FT,2024-03-28,V
Company misses revenue estimates,Yahoo Finance,2024-02-23,V
Worst quarter in company history,CNBC,2024-10-31,NVDA
CEO resigns effective immediately,WSJ,2024-08-02,NVDA
Supply chain disruptions impact production,MarketWatch,2024-11-08,JNJ
Office expansion plans revealed,CNBC,2024-12-18,AMZN
CEO resigns effective immediately,Yahoo Finance,2024-12-13,AAPL
Company beats revenue estimates by wide margin,Yahoo Finance,2024-04-02,JPM
Office expansion plans revealed,Bloomberg,2024-02-16,TSLA
Executive to speak at conference,Yahoo Finance,2024-11-15,NVDA
Office expansion plans revealed - Breaking,Reuters,2024-07-28,AAPL
Record quarterly revenue reported,Reuters,2024-11-01,META
Annual shareholder meeting announced,Reuters,2024-08-23,TSLA
Credit rating reaffirmed,Reuters,2024-05-11,META
Patent application filed,MarketWatch,2024-06-26,V
Company hires new marketing director,FT,2024-10-18,MSFT
Worst quarter in company history,CNBC,2024-02-01,V
Supply chain disruptions impact production,FT,2024-01-16,GOOGL
Regulatory investigation launched - Exclusive,WSJ,2024-01-17,NVDA
Profit warning issued for next quarter,Seeking Alpha,2024-02-08,V
New product launch exceeds expectations,Yahoo Finance,2024-07-21,MSFT
Analyst downgrades to Sell - Breaking,Bloomberg,2024-06-29,NVDA
Company hires new marketing director,Bloomberg,2024-12-11,NVDA
Patent application filed,Yahoo Finance,2024-02-13,JPM
Hiring new CFO,FT,2024-04-04,TSLA
Office location announced,Reuters,2024-08-16,META
Office location announced,Reuters,2024-09-02,TSLA
Analyst downgrades to Sell - Update,CNBC,2024-07-08,TSLA
Regulatory investigation launched,MarketWatch,2024-06-20,META
Supply chain disruptions impact production,CNBC,2024-07-28,META
Profit margins expand significantly - Exclusive,MarketWatch,2024-01-11,AMZN
Annual shareholder meeting announced,Reuters,2024-04-07,JPM
Executive to speak at conference,MarketWatch,2024-05-13,JNJ
Office expansion plans revealed,FT,2024-02-24,NVDA
Credit rating reaffirmed,CNBC,2024-04-28,AAPL
Record quarterly revenue reported,Yahoo Finance,2024-08-02,TSLA
Stock upgraded by multiple analysts,CNBC,2024-11-25,NVDA
Patent application filed,FT,2024-05-02,GOOGL
Credit rating downgraded,FT,2024-02-04,META
Analyst downgrades to Sell,FT,2024-12-14,GOOGL
Company beats revenue estimates by wide margin,MarketWatch,2024-05-01,AMZN
Regulatory investigation launched,FT,2024-02-14,JPM
Quarterly report scheduled for next week,CNBC,2024-01-09,TSLA
Office expansion plans revealed - Exclusive,Yahoo Finance,2024-08-13,V
Executive to speak at conference,FT,2024-01-01,JNJ
Stock plunges on disappointing earnings,Seeking Alpha,2024-11-01,V
Lawsuit filed against company,Yahoo Finance,2024-11-29,V
New product launch exceeds expectations,CNBC,2024-05-13,TSLA
Stock plunges on disappointing earnings,Yahoo Finance,2024-05-20,MSFT
Annual shareholder meeting announced,Reuters,2024-04-01,GOOGL
Hiring new CFO,MarketWatch,2024-05-16,JPM
Worst quarter in company history,WSJ,2024-10-28,V
"Analyst upgrades to Buy, raises price target",Bloomberg,2024-01-06,JPM
Profit warning issued for next quarter,FT,2024-09-25,TSLA
Office expansion plans revealed,Bloomberg,2024-12-03,MSFT
Stock upgraded by multiple analysts,Bloomberg,2024-06-23,MSFT
Regulatory investigation launched,CNBC,2024-05-26,GOOGL
Dividend increased by 15%,Yahoo Finance,2024-01-14,META
Company misses revenue estimates,Reuters,2024-07-11,GOOGL
Stock plunges on disappointing earnings - Exclusive,Seeking Alpha,2024-10-01,MSFT
Analyst downgrades to Sell,WSJ,2024-07-05,AAPL
Credit rating downgraded,WSJ,2024-09-09,AAPL
Profit margins expand significantly,Bloomberg,2024-05-06,GOOGL
Partnership announced with industry leader,FT,2024-05-05,NVDA
Credit rating reaffirmed - Exclusive,WSJ,2024-06-21,JPM
Analyst downgrades to Sell,Yahoo Finance,2024-03-25,JNJ
Partnership announced with industry leader,Reuters,2024-03-05,META
Quarterly report scheduled for next week,MarketWatch,2024-12-28,NVDA
Office location announced - Breaking,MarketWatch,2024-08-12,TSLA
Office expansion plans revealed,CNBC,2024-10-27,MSFT
Hiring new CFO,Seeking Alpha,2024-06-18,NVDA
Supply chain disruptions impact production,CNBC,2024-05-13,V
Company announces routine board meeting,MarketWatch,2024-01-21,JNJ
Partnership announced with industry leader,FT,2024-06-25,NVDA
Worst quarter in company history,FT,2024-04-01,AAPL
Credit rating reaffirmed,Reuters,2024-02-27,MSFT
Record quarterly revenue reported,Reuters,2024-02-07,META
Company misses revenue estimates,Bloomberg,2024-06-16,GOOGL
Quarterly report scheduled for next week,Reuters,2024-05-31,GOOGL
Supply chain disruptions impact production,WSJ,2024-12-09,GOOGL
Office location announced,Reuters,2024-05-05,MSFT
Office expansion plans revealed,FT,2024-07-29,V
Profit warning issued for next quarter,Reuters,2024-05-08,JNJ
Credit rating downgraded,Seeking Alpha,2024-08-23,JPM
Quarterly report scheduled for next week,Reuters,2024-02-14,META
Company announces routine board meeting,Seeking Alpha,2024-12-26,NVDA
Stock upgraded by multiple analysts,Reuters,2024-08-31,MSFT
Credit rating reaffirmed,FT,2024-11-24,AMZN
Partnership announced with industry leader,Reuters,2024-06-02,AMZN
Lawsuit filed against company,CNBC,2024-11-03,TSLA
Quarterly report scheduled for next week,MarketWatch,2024-05-25,MSFT
Company hires new marketing director - Breaking,FT,2024-11-25,V
Partnership announced with industry leader,MarketWatch,2024-12-31,V
Office location announced,CNBC,2024-10-24,AMZN
Hiring new CFO,FT,2024-03-14,JPM
Record quarterly revenue reported,Bloomberg,2024-09-02,JPM
Credit rating reaffirmed,Seeking Alpha,2024-11-15,NVDA
Company announces routine board meeting - Breaking,Bloomberg,2024-06-27,TSLA
Quarterly report scheduled for next week,MarketWatch,2024-10-02,NVDA
Lawsuit filed against company,Reuters,2024-01-13,JNJ
Dividend increased by 15%,MarketWatch,2024-03-10,GOOGL
Patent application filed,CNBC,2024-12-05,TSLA
Credit rating downgraded,WSJ,2024-11-13,JPM
Record quarterly revenue reported,Reuters,2024-02-04,NVDA
CEO resigns effective immediately,Yahoo Finance,2024-04-09,NVDA
Office location announced,Reuters,2024-05-23,META
Partnership announced with industry leader - Breaking,WSJ,2024-03-20,AMZN
Credit rating downgraded - Exclusive,FT,2024-01-07,JNJ
"Analyst upgrades to Buy, raises price target",Yahoo Finance,2024-08-02,META
Company hires new marketing director,MarketWatch,2024-12-02,JPM
Stock plunges on disappointing earnings,CNBC,2024-10-10,GOOGL
Stock plunges on disappointing earnings - Breaking,CNBC,2024-03-30,TSLA
Executive to speak at conference,Yahoo Finance,2024-11-10,JPM
Credit rating downgraded - Breaking,CNBC,2024-11-22,V
Company misses revenue estimates,MarketWatch,2024-07-18,JPM
Executive to speak at conference,CNBC,2024-09-02,JPM
Dividend increased by 15%,CNBC,2024-08-17,NVDA
Analyst downgrades to Sell,CNBC,2024-11-26,JNJ
Company announces routine board meeting,MarketWatch,2024-06-13,V
Annual shareholder meeting announced,CNBC,2024-02-17,GOOGL
Worst quarter in company history - Exclusive,WSJ,2024-09-26,AAPL
Credit rating reaffirmed,MarketWatch,2024-12-03,MSFT
Executive to speak at conference - Exclusive,MarketWatch,2024-03-10,MSFT
New product launch exceeds expectations,MarketWatch,2024-07-08,V
"Analyst upgrades to Buy, raises price target",Seeking Alpha,2024-07-07,AMZN
Lawsuit filed against company,Bloomberg,2024-03-19,V
Company hires new marketing director,Yahoo Finance,2024-07-10,V
Board approves $5 billion share buyback,CNBC,2024-11-05,MSFT
Lawsuit filed against company,Reuters,2024-02-25,AMZN
Company announces routine board meeting,Yahoo Finance,2024-10-17,TSLA
Profit warning issued for next quarter - Update,CNBC,2024-09-29,JNJ
Quarterly report scheduled for next week,FT,2024-12-15,META
Lawsuit filed against company - Update,FT,2024-05-27,GOOGL
Record quarterly revenue reported,Reuters,2024-07-15,JNJ
Office expansion plans revealed,CNBC,2024-04-09,META
Executive to speak at conference,MarketWatch,2024-06-05,META
Annual shareholder meeting announced,Bloomberg,2024-11-22,AAPL
Stock hits all-time high after strong earnings,WSJ,2024-09-16,MSFT
Annual shareholder meeting announced,Seeking Alpha,2024-06-09,JNJ
Record quarterly revenue reported,WSJ,2024-03-10,MSFT
Quarterly report scheduled for next week,Seeking Alpha,2024-02-25,AAPL
Company misses revenue estimates,Yahoo Finance,2024-04-22,TSLA
Stock plunges on disappointing earnings,Bloomberg,2024-03-19,MSFT
Quarterly report scheduled for next week,Yahoo Finance,2024-09-06,MSFT
Patent application filed,MarketWatch,2024-09-04,MSFT
Stock upgraded by multiple analysts,Yahoo Finance,2024-07-11,AMZN
CEO resigns effective immediately,Bloomberg,2024-12-28,TSLA
Patent application filed,CNBC,2024-11-27,JNJ
Credit rating downgraded,Yahoo Finance,2024-05-07,AMZN
Hiring new CFO,Seeking Alpha,2024-03-05,META
Lawsuit filed against company,Seeking Alpha,2024-03-23,META
Office expansion plans revealed,CNBC,2024-03-02,META
Stock plunges on disappointing earnings - Update,CNBC,2024-02-11,MSFT
Stock hits all-time high after strong earnings - Breaking,MarketWatch,2024-05-01,AAPL
Board approves $5 billion share buyback,Reuters,2024-07-25,JPM
Executive to speak at conference,MarketWatch,2024-02-26,MSFT
Company beats revenue estimates by wide margin,Reuters,2024-11-03,TSLA
Company hires new marketing director,Reuters,2024-06-27,AAPL
Annual shareholder meeting announced,Seeking Alpha,2024-03-01,META
Partnership announced with industry leader,WSJ,2024-03-05,AMZN
Stock upgraded by multiple analysts,Reuters,2024-07-05,NVDA
Dividend increased by 15%,MarketWatch,2024-04-17,MSFT
CEO resigns effective immediately - Breaking,Yahoo Finance,2024-01-16,NVDA
Credit rating downgraded,Bloomberg,2024-05-04,AAPL
Profit margins expand significantly - Breaking,Seeking Alpha,2024-12-26,AMZN
Stock hits all-time high after strong earnings,FT,2024-02-27,META
Credit rating downgraded,FT,2024-04-06,NVDA
Quarterly report scheduled for next week,MarketWatch,2024-11-30,JNJ
Stock hits all-time high after strong earnings,FT,2024-02-24,V
Profit margins expand significantly,MarketWatch,2024-04-06,NVDA
Board approves $5 billion share buyback,Yahoo Finance,2024-06-02,GOOGL
Regulatory investigation launched,FT,2024-02-03,AAPL
Record quarterly revenue reported,MarketWatch,2024-01-03,JNJ
Supply chain disruptions impact production - Update,Reuters,2024-03-01,AMZN
Board approves $5 billion share buyback,MarketWatch,2024-03-30,MSFT
Office location announced - Breaking,WSJ,2024-07-27,AAPL
Stock upgraded by multiple analysts - Exclusive,Bloomberg,2024-11-02,JPM
Profit warning issued for next quarter,MarketWatch,2024-03-02,AAPL
CEO resigns effective immediately,Bloomberg,2024-05-09,AMZN
Supply chain disruptions impact production - Exclusive,Reuters,2024-08-02,META
Patent application filed,Bloomberg,2024-01-25,TSLA
Profit warning issued for next quarter,Yahoo Finance,2024-02-10,JPM
Partnership announced with industry leader,Reuters,2024-05-24,JPM
Profit margins expand significantly - Update,WSJ,2024-11-13,JPM
Record quarterly revenue reported,Reuters,2024-04-26,MSFT
Profit warning issued for next quarter,Bloomberg,2024-07-21,TSLA
Company announces routine board meeting,FT,2024-05-31,JNJ
Company misses revenue estimates - Breaking,Seeking Alpha,2024-07-30,TSLA
Company misses revenue estimates,Reuters,2024-01-14,AAPL
Company hires new marketing director,Bloomberg,2024-02-16,V
Company misses revenue estimates,MarketWatch,2024-09-03,GOOGL
Patent application filed - Update,Bloomberg,2024-06-02,AAPL
Supply chain disruptions impact production - Exclusive,Bloomberg,2024-10-24,GOOGL
Lawsuit filed against company,WSJ,2024-06-25,JPM
Company beats revenue estimates by wide margin,MarketWatch,2024-06-02,GOOGL
Partnership announced with industry leader,FT,2024-04-27,NVDA
CEO resigns effective immediately,Seeking Alpha,2024-07-07,META
Office location announced,Reuters,2024-09-22,META
Profit warning issued for next quarter,Seeking Alpha,2024-06-05,NVDA
Credit rating reaffirmed,WSJ,2024-12-01,NVDA
Record quarterly revenue reported,Bloomberg,2024-03-30,NVDA
Stock hits all-time high after strong earnings,FT,2024-07-30,GOOGL
Worst quarter in company history,Bloomberg,2024-01-02,AAPL
Analyst downgrades to Sell - Update,FT,2024-03-18,JPM
Office location announced,Bloomberg,2024-05-28,AMZN
Partnership announced with industry leader,Reuters,2024-03-27,NVDA
Lawsuit filed against company - Breaking,WSJ,2024-10-02,GOOGL
Quarterly report scheduled for next week,Bloomberg,2024-04-09,GOOGL
"Analyst upgrades to Buy, raises price target - Breaking",Yahoo Finance,2024-07-10,AMZN
Executive to speak at conference,WSJ,2024-05-02,META
Office location announced,Seeking Alpha,2024-03-11,GOOGL
Board approves $5 billion share buyback,FT,2024-04-16,TSLA
Profit warning issued for next quarter,FT,2024-01-11,GOOGL
Patent application filed,FT,2024-10-19,V
Regulatory investigation launched,Yahoo Finance,2024-01-17,JNJ
Company announces routine board meeting,Reuters,2024-09-23,META
Partnership announced with industry leader - Update,CNBC,2024-04-28,NVDA
CEO resigns effective immediately,Yahoo Finance,2024-12-29,NVDA
CEO resigns effective immediately,Bloomberg,2024-05-01,AAPL
Lawsuit filed against company,MarketWatch,2024-09-13,NVDA
New product launch exceeds expectations,Bloomberg,2024-04-15,TSLA
Executive to speak at conference - Breaking,FT,2024-01-19,MSFT
Analyst downgrades to Sell,Bloomberg,2024-09-18,JPM
Company hires new marketing director,MarketWatch,2024-05-19,V
"Analyst upgrades to Buy, raises price target",CNBC,2024-05-03,TSLA
New product launch exceeds expectations,WSJ,2024-04-21,JPM
New product launch exceeds expectations,WSJ,2024-09-09,META
Supply chain disruptions impact production,FT,2024-08-23,MSFT
Office location announced - Exclusive,MarketWatch,2024-05-08,JNJ
Board approves $5 billion share buyback - Update,WSJ,2024-03-26,JNJ
Quarterly report scheduled for next week,Yahoo Finance,2024-05-24,GOOGL
Supply chain disruptions impact production,CNBC,2024-09-22,JPM
Partnership announced with industry leader,Yahoo Finance,2024-12-06,V
Office location announced,Reuters,2024-01-18,JPM
Credit rating reaffirmed,Seeking Alpha,2024-10-30,JNJ
Annual shareholder meeting announced,Reuters,2024-06-28,JNJ
Stock upgraded by multiple analysts,CNBC,2024-10-05,MSFT
Office expansion plans revealed,Yahoo Finance,2024-12-08,NVDA
Partnership announced with industry leader - Breaking,Bloomberg,2024-06-23,AAPL
Profit margins expand significantly,CNBC,2024-09-02,MSFT
CEO resigns effective immediately,Seeking Alpha,2024-01-30,TSLA
Stock upgraded by multiple analysts,Reuters,2024-05-18,MSFT
Patent application filed,Reuters,2024-01-13,JPM
Office expansion plans revealed,CNBC,2024-07-28,TSLA
Office location announced,MarketWatch,2024-09-07,META
Profit warning issued for next quarter,Seeking Alpha,2024-02-03,TSLA
Office expansion plans revealed,Reuters,2024-04-21,TSLA
Patent application filed,FT,2024-12-04,GOOGL
Patent application filed,Bloomberg,2024-09-06,MSFT
Stock plunges on disappointing earnings,Bloomberg,2024-03-17,TSLA
Executive to speak at conference,MarketWatch,2024-10-08,JNJ
Hiring new CFO,MarketWatch,2024-09-10,V
Regulatory investigation launched - Update,CNBC,2024-11-25,AMZN
Company misses revenue estimates,Yahoo Finance,2024-06-26,JNJ
Hiring new CFO - Exclusive,MarketWatch,2024-05-22,AMZN
Company announces routine board meeting,WSJ,2024-01-11,JNJ
Company hires new marketing director,FT,2024-12-06,AAPL
Annual shareholder meeting announced - Update,MarketWatch,2024-05-02,AMZN
Partnership announced with industry leader,FT,2024-12-27,V
Analyst downgrades to Sell,FT,2024-09-12,AAPL
Credit rating reaffirmed,FT,2024-08-31,META
Credit rating reaffirmed - Update,Bloomberg,2024-12-31,MSFT
Company misses revenue estimates,FT,2024-02-27,JNJ
Board approves $5 billion share buyback,Reuters,2024-03-11,JPM
Record quarterly revenue reported,Seeking Alpha,2024-11-02,JNJ
Stock plunges on disappointing earnings,Yahoo Finance,2024-09-17,GOOGL
Executive to speak at conference,WSJ,2024-01-04,MSFT
Profit warning issued for next quarter,Reuters,2024-08-02,MSFT
New product launch exceeds expectations,Reuters,2024-03-01,TSLA
Supply chain disruptions impact production,Yahoo Finance,2024-03-03,V
Quarterly report scheduled for next week,Yahoo Finance,2024-09-16,V
Company misses revenue estimates,WSJ,2024-06-18,AMZN
Profit margins expand significantly,Reuters,2024-06-15,JNJ
Lawsuit filed against company,CNBC,2024-12-09,GOOGL
CEO resigns effective immediately - Exclusive,Bloomberg,2024-02-18,META
Quarterly report scheduled for next week,Reuters,2024-02-28,V
New product launch exceeds expectations,Bloomberg,2024-02-18,JPM
Partnership announced with industry leader,MarketWatch,2024-08-26,JPM
Profit warning issued for next quarter,Bloomberg,2024-08-03,AAPL
Credit rating reaffirmed,Reuters,2024-01-27,AMZN
Profit warning issued for next quarter,WSJ,2024-07-13,META
Lawsuit filed against company,Reuters,2024-08-29,NVDA
Credit rating reaffirmed,MarketWatch,2024-11-07,AMZN
Analyst downgrades to Sell,MarketWatch,2024-09-02,TSLA
Worst quarter in company history,WSJ,2024-01-16,TSLA
Company announces routine board meeting,Bloomberg,2024-02-06,GOOGL
Office location announced,Yahoo Finance,2024-03-02,AMZN
New product launch exceeds expectations,CNBC,2024-12-30,NVDA
Office expansion plans revealed,WSJ,2024-02-03,MSFT
Profit margins expand significantly,Seeking Alpha,2024-02-11,V
Company misses revenue estimates,Bloomberg,2024-01-10,META
Annual shareholder meeting announced - Exclusive,FT,2024-07-11,AAPL
Dividend increased by 15%,Yahoo Finance,2024-07-31,AAPL
Record quarterly revenue reported,Bloomberg,2024-07-03,AMZN
Company hires new marketing director - Exclusive,MarketWatch,2024-05-26,AMZN
Supply chain disruptions impact production,Yahoo Finance,2024-04-06,AAPL
New product launch exceeds expectations,Bloomberg,2024-04-04,META
Office expansion plans revealed - Breaking,CNBC,2024-01-21,JPM
CEO resigns effective immediately,WSJ,2024-06-30,V
Credit rating reaffirmed,FT,2024-01-18,META
Office expansion plans revealed,Seeking Alpha,2024-12-18,AAPL
Company misses revenue estimates,FT,2024-08-14,V
Partnership announced with industry leader,MarketWatch,2024-08-24,META
Company misses revenue estimates,WSJ,2024-06-20,MSFT
Company announces routine board meeting,Seeking Alpha,2024-07-16,GOOGL
Company announces routine board meeting,MarketWatch,2024-07-19,AAPL
Company hires new marketing director - Exclusive,Seeking Alpha,2024-04-27,JNJ
Stock upgraded by multiple analysts - Update,Reuters,2024-10-09,MSFT
Office location announced,Reuters,2024-11-20,NVDA
Supply chain disruptions impact production,CNBC,2024-03-21,NVDA
New product launch exceeds expectations,WSJ,2024-07-15,AMZN
Hiring new CFO,WSJ,2024-11-02,JPM
CEO resigns effective immediately,Bloomberg,2024-02-26,GOOGL
Analyst downgrades to Sell,Yahoo Finance,2024-12-09,GOOGL
Quarterly report scheduled for next week,MarketWatch,2024-10-14,V
Regulatory investigation launched,WSJ,2024-08-01,GOOGL
Company misses revenue estimates - Update,FT,2024-04-18,AAPL
Stock upgraded by multiple analysts,CNBC,2024-04-05,NVDA
Credit rating reaffirmed,Seeking Alpha,2024-01-27,MSFT
Annual shareholder meeting announced,FT,2024-03-22,JPM
Executive to speak at conference - Breaking,MarketWatch,2024-02-07,V
Annual shareholder meeting announced,Seeking Alpha,2024-09-11,GOOGL
Company beats revenue estimates by wide margin,Yahoo Finance,2024-08-07,AMZN
Dividend increased by 15% - Update,WSJ,2024-07-22,MSFT
Stock plunges on disappointing earnings,MarketWatch,2024-10-05,AMZN
Company hires new marketing director,WSJ,2024-03-28,V
Stock hits all-time high after strong earnings,MarketWatch,2024-05-19,JNJ
Profit margins expand significantly,Bloomberg,2024-12-23,NVDA
Supply chain disruptions impact production,MarketWatch,2024-04-17,JNJ
Lawsuit filed against company,Yahoo Finance,2024-10-23,GOOGL
Credit rating reaffirmed,MarketWatch,2024-04-28,MSFT
Board approves $5 billion share buyback,FT,2024-11-09,GOOGL
Office location announced,MarketWatch,2024-03-18,META
Supply chain disruptions impact production,Seeking Alpha,2024-01-03,META
Executive to speak at conference - Exclusive,FT,2024-11-27,AAPL
Dividend increased by 15%,Bloomberg,2024-01-04,JNJ
Dividend increased by 15%,WSJ,2024-05-13,GOOGL
Profit margins expand significantly,Reuters,2024-08-06,GOOGL
Company announces routine board meeting,WSJ,2024-05-31,GOOGL
Company beats revenue estimates by wide margin,FT,2024-06-16,META
Company beats revenue estimates by wide margin,WSJ,2024-10-22,AMZN
CEO resigns effective immediately - Exclusive,Yahoo Finance,2024-09-29,AMZN
Partnership announced with industry leader,Reuters,2024-09-14,V
Company misses revenue estimates,WSJ,2024-12-13,JNJ
Executive to speak at conference,MarketWatch,2024-11-18,GOOGL
Credit rating reaffirmed,Seeking Alpha,2024-03-09,AMZN
Dividend increased by 15% - Update,Reuters,2024-06-29,JPM
Stock upgraded by multiple analysts,Seeking Alpha,2024-12-01,GOOGL
Company beats revenue estimates by wide margin,Bloomberg,2024-01-11,NVDA
Company announces routine board meeting,Bloomberg,2024-04-25,MSFT
Company beats revenue estimates by wide margin,CNBC,2024-08-24,NVDA
Company misses revenue estimates,Reuters,2024-01-20,V
"Analyst upgrades to Buy, raises price target",Reuters,2024-07-17,NVDA
Lawsuit filed against company,Yahoo Finance,2024-03-31,META
Board approves $5 billion share buyback - Breaking,WSJ,2024-03-29,AAPL
Company hires new marketing director,Reuters,2024-02-21,AAPL
Executive to speak at conference - Update,MarketWatch,2024-09-30,META
Executive to speak at conference,Yahoo Finance,2024-08-30,JNJ
Regulatory investigation launched,Seeking Alpha,2024-10-26,MSFT
Quarterly report scheduled for next week,Yahoo Finance,2024-12-23,GOOGL
"Analyst upgrades to Buy, raises price target - Breaking",FT,2024-06-17,TSLA
Quarterly report scheduled for next week,MarketWatch,2024-10-27,AMZN
Hiring new CFO,Yahoo Finance,2024-11-09,JNJ
Dividend increased by 15%,FT,2024-07-05,META
Profit margins expand significantly - Breaking,FT,2024-08-11,JNJ
Profit warning issued for next quarter,Reuters,2024-03-04,META
Company hires new marketing director,MarketWatch,2024-09-16,GOOGL
Hiring new CFO,WSJ,2024-01-11,AAPL
Board approves $5 billion share buyback,CNBC,2024-01-21,NVDA
Board approves $5 billion share buyback - Exclusive,WSJ,2024-04-20,MSFT
Annual shareholder meeting announced,CNBC,2024-10-17,NVDA
Stock hits all-time high after strong earnings - Breaking,WSJ,2024-07-09,GOOGL
"Analyst upgrades to Buy, raises price target - Update",Seeking Alpha,2024-03-09,V
"Analyst upgrades to Buy, raises price target",Yahoo Finance,2024-07-07,JNJ
Supply chain disruptions impact production,Yahoo Finance,2024-03-25,AAPL
Regulatory investigation launched - Update,CNBC,2024-08-05,TSLA
Company misses revenue estimates,MarketWatch,2024-08-23,JNJ
Partnership announced with industry leader,MarketWatch,2024-05-02,AAPL
Profit warning issued for next quarter,WSJ,2024-02-16,JPM
Profit warning issued for next quarter,FT,2024-11-17,META
Annual shareholder meeting announced - Breaking,Yahoo Finance,2024-12-23,V
Stock plunges on disappointing earnings,Reuters,2024-04-26,NVDA
Board approves $5 billion share buyback,CNBC,2024-12-06,JPM
Worst quarter in company history,Yahoo Finance,2024-01-31,MSFT
Office expansion plans revealed,Reuters,2024-09-27,JNJ
Stock upgraded by multiple analysts,Seeking Alpha,2024-10-18,AMZN
Company misses revenue estimates,Yahoo Finance,2024-11-22,NVDA
Record quarterly revenue reported - Breaking,WSJ,2024-06-14,TSLA
Stock hits all-time high after strong earnings,Reuters,2024-03-31,JPM
Company misses revenue estimates,CNBC,2024-10-31,JPM
Quarterly report scheduled for next week,Bloomberg,2024-05-14,JNJ
New product launch exceeds expectations,Bloomberg,2024-10-28,MSFT
Office expansion plans revealed,CNBC,2024-05-08,NVDA
Stock upgraded by multiple analysts,Reuters,2024-06-30,GOOGL
Board approves $5 billion share buyback,Yahoo Finance,2024-02-22,MSFT
Patent application filed,MarketWatch,2024-01-02,META
Profit margins expand significantly,Seeking Alpha,2024-07-30,AAPL
Stock hits all-time high after strong earnings,Reuters,2024-04-26,AMZN
Company misses revenue estimates,MarketWatch,2024-09-15,NVDA
Stock plunges on disappointing earnings,Seeking Alpha,2024-10-27,JNJ
Company misses revenue estimates,MarketWatch,2024-02-04,JPM
Credit rating reaffirmed,Seeking Alpha,2024-01-16,AAPL
Credit rating downgraded,Seeking Alpha,2024-09-27,V
"Analyst upgrades to Buy, raises price target",MarketWatch,2024-08-05,GOOGL
New product launch exceeds expectations,CNBC,2024-03-15,MSFT
"Analyst upgrades to Buy, raises price target",Bloomberg,2024-06-26,NVDA
Dividend increased by 15%,CNBC,2024-07-22,NVDA
Lawsuit filed against company - Update,Seeking Alpha,2024-03-19,MSFT
Record quarterly revenue reported,Seeking Alpha,2024-05-11,AMZN
Supply chain disruptions impact production,Seeking Alpha,2024-01-28,AAPL
Credit rating reaffirmed,Seeking Alpha,2024-10-12,META
New product launch exceeds expectations,Reuters,2024-03-20,JNJ
Credit rating downgraded,Seeking Alpha,2024-11-02,META
Hiring new CFO,WSJ,2024-12-22,TSLA
New product launch exceeds expectations,WSJ,2024-06-28,TSLA
Supply chain disruptions impact production,Reuters,2024-01-22,MSFT
Company announces routine board meeting,WSJ,2024-04-12,NVDA
Company hires new marketing director,FT,2024-09-29,GOOGL
Record quarterly revenue reported,Reuters,2024-04-10,MSFT
Worst quarter in company history,Yahoo Finance,2024-02-28,AAPL
Company beats revenue estimates by wide margin,Bloomberg,2024-01-02,GOOGL
Record quarterly revenue reported,FT,2024-03-22,AMZN
Analyst downgrades to Sell,Yahoo Finance,2024-09-03,GOOGL
Profit margins expand significantly,Bloomberg,2024-02-01,JNJ
Stock plunges on disappointing earnings,FT,2024-12-27,V
Lawsuit filed against company,WSJ,2024-05-25,V
Office location announced - Update,Bloomberg,2024-05-22,META
Hiring new CFO,MarketWatch,2024-12-14,AMZN
Supply chain disruptions impact production,Reuters,2024-06-20,NVDA
Profit warning issued for next quarter - Exclusive,CNBC,2024-04-23,JNJ
Board approves $5 billion share buyback,Bloomberg,2024-09-11,AMZN
Patent application filed,Reuters,2024-07-14,NVDA
CEO resigns effective immediately,WSJ,2024-10-19,JPM
Analyst downgrades to Sell,FT,2024-03-09,V
Stock upgraded by multiple analysts,Yahoo Finance,2024-03-07,MSFT
Analyst downgrades to Sell,Bloomberg,2024-07-03,V
Patent application filed,CNBC,2024-03-08,V
Credit rating downgraded,WSJ,2024-06-11,NVDA
Quarterly report scheduled for next week,FT,2024-09-02,V
Analyst downgrades to Sell,WSJ,2024-02-16,MSFT
Supply chain disruptions impact production,FT,2024-02-27,JNJ
Analyst downgrades to Sell,Seeking Alpha,2024-06-19,V
"Analyst upgrades to Buy, raises price target",MarketWatch,2024-09-11,META
Executive to speak at conference,FT,2024-01-03,JNJ
Office expansion plans revealed - Update,Yahoo Finance,2024-10-25,JNJ
Lawsuit filed against company - Update,WSJ,2024-01-11,NVDA
"Analyst upgrades to Buy, raises price target",FT,2024-04-09,JPM
Worst quarter in company history,Yahoo Finance,2024-06-29,MSFT
Stock plunges on disappointing earnings,WSJ,2024-01-30,JPM
"Analyst upgrades to Buy, raises price target",Reuters,2024-04-24,AMZN
Partnership announced with industry leader - Update,CNBC,2024-07-25,JPM
Credit rating downgraded,Seeking Alpha,2024-01-26,GOOGL
Supply chain disruptions impact production,MarketWatch,2024-07-06,V
Stock hits all-time high after strong earnings,CNBC,2024-04-06,NVDA
Dividend increased by 15%,WSJ,2024-03-12,TSLA
Stock upgraded by multiple analysts,FT,2024-06-25,JNJ
Profit margins expand significantly,FT,2024-06-09,NVDA
Stock hits all-time high after strong earnings,Bloomberg,2024-04-26,JNJ
Profit warning issued for next quarter,Reuters,2024-06-02,AAPL
Lawsuit filed against company,Reuters,2024-05-13,MSFT
Board approves $5 billion share buyback,Bloomberg,2024-03-12,JNJ
Lawsuit filed against company,FT,2024-07-04,META
CEO resigns effective immediately,Yahoo Finance,2024-01-26,NVDA
Analyst downgrades to Sell,Yahoo Finance,2024-02-20,NVDA
Profit warning issued for next quarter,Bloomberg,2024-03-29,TSLA
Record quarterly revenue reported,MarketWatch,2024-09-07,V
Regulatory investigation launched,Reuters,2024-09-25,MSFT
Credit rating downgraded - Exclusive,Yahoo Finance,2024-05-10,JNJ
Hiring new CFO - Exclusive,Seeking Alpha,2024-07-10,AAPL
Credit rating downgraded,MarketWatch,2024-11-24,AMZN
Analyst downgrades to Sell,CNBC,2024-04-30,AMZN
Profit margins expand significantly - Exclusive,FT,2024-07-28,V
"Analyst upgrades to Buy, raises price target",Seeking Alpha,2024-01-24,GOOGL
Executive to speak at conference,MarketWatch,2024-11-09,GOOGL
Profit warning issued for next quarter,WSJ,2024-12-16,JNJ
Record quarterly revenue reported,Bloomberg,2024-07-10,GOOGL
"Analyst upgrades to Buy, raises price target",Bloomberg,2024-06-14,GOOGL
Partnership announced with industry leader,CNBC,2024-11-29,V
Profit warning issued for next quarter,CNBC,2024-12-11,MSFT
Record quarterly revenue reported,FT,2024-09-05,AAPL
Company announces routine board meeting - Exclusive,Yahoo Finance,2024-02-13,AMZN
Credit rating reaffirmed - Exclusive,CNBC,2024-06-16,JNJ
Worst quarter in company history,MarketWatch,2024-07-22,MSFT
Hiring new CFO,MarketWatch,2024-06-06,TSLA
Record quarterly revenue reported - Update,CNBC,2024-12-12,AAPL
"Analyst upgrades to Buy, raises price target",Reuters,2024-04-03,TSLA
Credit rating downgraded - Exclusive,CNBC,2024-12-08,V
"Analyst upgrades to Buy, raises price target",CNBC,2024-08-14,MSFT
Dividend increased by 15%,Bloomberg,2024-06-28,TSLA
Company hires new marketing director,FT,2024-02-07,AMZN
Supply chain disruptions impact production,Reuters,2024-01-26,META
Record quarterly revenue reported,Reuters,2024-01-01,GOOGL
Profit margins expand significantly - Update,Reuters,2024-10-17,TSLA
"Analyst upgrades to Buy, raises price target",FT,2024-07-03,META
Company beats revenue estimates by wide margin,WSJ,2024-03-09,JPM
Partnership announced with industry leader,Seeking Alpha,2024-08-03,MSFT
Worst quarter in company history,Bloomberg,2024-11-27,JNJ
Dividend increased by 15% - Breaking,Seeking Alpha,2024-10-29,V
Partnership announced with industry leader,Seeking Alpha,2024-06-26,MSFT
Regulatory investigation launched,MarketWatch,2024-11-20,META
Profit warning issued for next quarter,Seeking Alpha,2024-10-31,MSFT
Dividend increased by 15%,FT,2024-02-29,NVDA
Profit warning issued for next quarter,Bloomberg,2024-01-29,NVDA
Company announces routine board meeting,Reuters,2024-10-15,V
Company announces routine board meeting - Update,CNBC,2024-07-04,AMZN
Office location announced - Exclusive,Seeking Alpha,2024-03-17,MSFT
Quarterly report scheduled for next week,Reuters,2024-08-18,JPM
Supply chain disruptions impact production,Seeking Alpha,2024-07-07,META
Lawsuit filed against company - Breaking,CNBC,2024-04-29,TSLA
"Analyst upgrades to Buy, raises price target",WSJ,2024-11-25,JNJ
Hiring new CFO - Exclusive,Seeking Alpha,2024-08-05,AAPL
Profit warning issued for next quarter,CNBC,2024-01-16,JPM
Office location announced,Reuters,2024-01-21,MSFT
Stock plunges on disappointing earnings,Reuters,2024-10-14,V
Board approves $5 billion share buyback,WSJ,2024-06-01,MSFT
Record quarterly revenue reported,FT,2024-09-15,AMZN
Board approves $5 billion share buyback,MarketWatch,2024-09-13,TSLA
Board approves $5 billion share buyback - Exclusive,MarketWatch,2024-08-24,JNJ
Office expansion plans revealed,Yahoo Finance,2024-07-17,JNJ
Hiring new CFO,FT,2024-04-15,AAPL
CEO resigns effective immediately,Seeking Alpha,2024-01-24,META
Annual shareholder meeting announced,Seeking Alpha,2024-04-25,MSFT
CEO resigns effective immediately,Bloomberg,2024-05-16,GOOGL
Partnership announced with industry leader,Bloomberg,2024-03-26,GOOGL
Office location announced,CNBC,2024-08-22,AAPL
Profit warning issued for next quarter,Yahoo Finance,2024-03-27,GOOGL
Analyst downgrades to Sell,CNBC,2024-04-10,TSLA
Regulatory investigation launched - Exclusive,Bloomberg,2024-12-29,MSFT
Worst quarter in company history,WSJ,2024-08-01,MSFT
Board approves $5 billion share buyback,Bloomberg,2024-11-26,JPM
"Analyst upgrades to Buy, raises price target",FT,2024-05-18,TSLA
Supply chain disruptions impact production,Bloomberg,2024-04-27,JNJ
Company beats revenue estimates by wide margin - Exclusive,MarketWatch,2024-12-29,GOOGL
Company announces routine board meeting,Seeking Alpha,2024-03-15,NVDA
Office expansion plans revealed,CNBC,2024-01-15,GOOGL
Profit warning issued for next quarter - Breaking,MarketWatch,2024-05-20,TSLA
New product launch exceeds expectations,Seeking Alpha,2024-01-09,V
Credit rating downgraded,FT,2024-05-25,AAPL
Partnership announced with industry leader,Seeking Alpha,2024-12-02,MSFT
Board approves $5 billion share buyback,CNBC,2024-04-09,MSFT
"Analyst upgrades to Buy, raises price target",FT,2024-12-02,NVDA
Office location announced - Breaking,Reuters,2024-11-21,GOOGL
Hiring new CFO,Bloomberg,2024-12-09,TSLA
Hiring new CFO,Bloomberg,2024-06-16,META
Executive to speak at conference,Bloomberg,2024-02-13,V
Stock plunges on disappointing earnings,WSJ,2024-07-17,NVDA
Company announces routine board meeting - Breaking,Bloomberg,2024-06-11,AMZN
Company hires new marketing director - Exclusive,Bloomberg,2024-07-24,MSFT
Credit rating reaffirmed,Bloomberg,2024-04-27,TSLA
Partnership announced with industry leader,WSJ,2024-09-17,AAPL
Lawsuit filed against company,Seeking Alpha,2024-04-12,JNJ
Office expansion plans revealed,MarketWatch,2024-05-06,JPM
Credit rating reaffirmed - Exclusive,WSJ,2024-02-22,MSFT
Board approves $5 billion share buyback - Breaking,WSJ,2024-04-21,V
Dividend increased by 15%,FT,2024-11-18,JNJ
Patent application filed - Exclusive,Seeking Alpha,2024-11-18,NVDA
Dividend increased by 15%,MarketWatch,2024-12-31,MSFT
Stock upgraded by multiple analysts,Reuters,2024-10-30,GOOGL
Supply chain disruptions impact production,FT,2024-08-21,V
Worst quarter in company history,Reuters,2024-02-08,NVDA
Regulatory investigation launched,Seeking Alpha,2024-03-14,AMZN
Credit rating downgraded,WSJ,2024-07-31,AAPL
Profit warning issued for next quarter,Yahoo Finance,2024-01-22,GOOGL
Profit margins expand significantly - Exclusive,Seeking Alpha,2024-09-14,META
Board approves $5 billion share buyback,Seeking Alpha,2024-08-08,MSFT
Record quarterly revenue reported,FT,2024-08-12,JNJ
"Analyst upgrades to Buy, raises price target - Update",Yahoo Finance,2024-12-18,META
Analyst downgrades to Sell,FT,2024-06-03,AAPL
Stock plunges on disappointing earnings,Yahoo Finance,2024-02-09,TSLA
Lawsuit filed against company,Reuters,2024-10-24,MSFT
Record quarterly revenue reported,CNBC,2024-08-29,NVDA
Regulatory investigation launched,WSJ,2024-08-29,V
Company beats revenue estimates by wide margin,MarketWatch,2024-05-31,MSFT
CEO resigns effective immediately,Seeking Alpha,2024-01-08,NVDA
Stock plunges on disappointing earnings,Yahoo Finance,2024-02-07,JPM
Executive to speak at conference,WSJ,2024-10-22,MSFT
Regulatory investigation launched - Update,Reuters,2024-06-23,AMZN
Executive to speak at conference,Reuters,2024-10-15,AAPL
Company hires new marketing director,Bloomberg,2024-12-06,TSLA
Stock upgraded by multiple analysts,CNBC,2024-04-30,AAPL
Worst quarter in company history,Yahoo Finance,2024-01-10,V
Lawsuit filed against company,CNBC,2024-01-12,JNJ
Office expansion plans revealed,Reuters,2024-01-11,META
New product launch exceeds expectations,Bloomberg,2024-07-24,NVDA
Hiring new CFO,Seeking Alpha,2024-04-27,AMZN
Company hires new marketing director,Seeking Alpha,2024-10-17,AMZN
Board approves $5 billion share buyback - Exclusive,Yahoo Finance,2024-11-26,JPM
Stock hits all-time high after strong earnings,Seeking Alpha,2024-04-12,NVDA
Annual shareholder meeting announced,Bloomberg,2024-03-02,JNJ
Partnership announced with industry leader - Breaking,FT,2024-11-28,NVDA
Quarterly report scheduled for next week,Seeking Alpha,2024-05-24,MSFT
Company misses revenue estimates,Bloomberg,2024-10-10,JPM
Regulatory investigation launched,Bloomberg,2024-05-19,TSLA
Record quarterly revenue reported,Seeking Alpha,2024-09-26,V
Company misses revenue estimates,FT,2024-01-31,TSLA
Profit warning issued for next quarter,Yahoo Finance,2024-05-20,V
Credit rating downgraded,MarketWatch,2024-11-22,META
Company beats revenue estimates by wide margin - Exclusive,FT,2024-04-28,MSFT
Executive to speak at conference,Reuters,2024-02-21,AAPL
CEO resigns effective immediately,WSJ,2024-08-25,JPM
Quarterly report scheduled for next week - Update,Reuters,2024-03-04,MSFT
Worst quarter in company history - Exclusive,Seeking Alpha,2024-06-14,META
Company announces routine board meeting,WSJ,2024-03-30,NVDA
Lawsuit filed against company,MarketWatch,2024-06-24,V
Dividend increased by 15%,Seeking Alpha,2024-01-06,JNJ
Analyst downgrades to Sell,CNBC,2024-08-13,META
Hiring new CFO,Yahoo Finance,2024-07-28,JPM
Office expansion plans revealed,Bloomberg,2024-08-31,META
Stock plunges on disappointing earnings,Reuters,2024-11-27,TSLA
Credit rating reaffirmed,WSJ,2024-05-12,NVDA
Record quarterly revenue reported - Update,Seeking Alpha,2024-02-15,META
Partnership announced with industry leader,CNBC,2024-11-29,NVDA
Profit margins expand significantly,CNBC,2024-04-13,AAPL
Annual shareholder meeting announced,Bloomberg,2024-08-29,NVDA
Patent application filed,Yahoo Finance,2024-01-23,JPM
Dividend increased by 15%,FT,2024-05-10,META
Worst quarter in company history,WSJ,2024-05-07,AAPL
Annual shareholder meeting announced,WSJ,2024-02-14,AAPL
New product launch exceeds expectations,Seeking Alpha,2024-09-23,META
Board approves $5 billion share buyback - Breaking,MarketWatch,2024-10-16,AMZN
Profit margins expand significantly,Seeking Alpha,2024-07-22,TSLA
Partnership announced with industry leader,Bloomberg,2024-06-29,GOOGL
Credit rating downgraded - Breaking,WSJ,2024-06-19,NVDA
Lawsuit filed against company,FT,2024-05-17,NVDA
CEO resigns effective immediately,Reuters,2024-06-12,TSLA
Profit margins expand significantly - Exclusive,Reuters,2024-05-06,JNJ
Lawsuit filed against company - Exclusive,Reuters,2024-10-06,V
Analyst downgrades to Sell,WSJ,2024-08-15,V
Company misses revenue estimates - Breaking,FT,2024-12-09,AAPL
Analyst downgrades to Sell,CNBC,2024-06-07,MSFT
Dividend increased by 15% - Exclusive,Bloomberg,2024-12-24,AMZN
Stock plunges on disappointing earnings,FT,2024-01-16,NVDA
Company misses revenue estimates - Update,WSJ,2024-05-03,GOOGL
Dividend increased by 15%,FT,2024-08-16,MSFT
Record quarterly revenue reported - Breaking,FT,2024-01-26,NVDA
Office expansion plans revealed,Yahoo Finance,2024-12-28,NVDA
"Analyst upgrades to Buy, raises price target",Bloomberg,2024-11-21,AAPL
Office expansion plans revealed - Breaking,MarketWatch,2024-06-01,AAPL
Stock hits all-time high after strong earnings,Bloomberg,2024-01-10,AAPL
Stock hits all-time high after strong earnings,WSJ,2024-02-21,GOOGL
Supply chain disruptions impact production,MarketWatch,2024-12-31,AMZN
Profit margins expand significantly - Update,Yahoo Finance,2024-06-01,MSFT
Quarterly report scheduled for next week,WSJ,2024-06-12,META
Worst quarter in company history,Yahoo Finance,2024-03-29,JNJ
Quarterly report scheduled for next week,Reuters,2024-09-26,JPM
New product launch exceeds expectations,Yahoo Finance,2024-05-23,JPM
Worst quarter in company history,Seeking Alpha,2024-12-09,GOOGL
Office expansion plans revealed,Bloomberg,2024-03-19,META
Credit rating reaffirmed,Yahoo Finance,2024-02-15,AAPL
Annual shareholder meeting announced,FT,2024-08-05,V
CEO resigns effective immediately,MarketWatch,2024-04-24,AAPL
Office location announced,MarketWatch,2024-01-12,AAPL
Partnership announced with industry leader,Reuters,2024-12-08,AMZN
Stock plunges on disappointing earnings,Bloomberg,2024-07-20,JNJ
Stock plunges on disappointing earnings - Exclusive,MarketWatch,2024-01-23,JNJ
Office expansion plans revealed,Yahoo Finance,2024-11-16,META
Supply chain disruptions impact production,Seeking Alpha,2024-06-01,JNJ
Partnership announced with industry leader,Seeking Alpha,2024-12-23,META
Executive to speak at conference,Reuters,2024-11-11,AMZN
Patent application filed - Exclusive,WSJ,2024-06-18,MSFT
Dividend increased by 15%,WSJ,2024-02-21,AAPL
Company misses revenue estimates,Bloomberg,2024-07-02,JPM
Record quarterly revenue reported - Exclusive,FT,2024-09-22,MSFT
Board approves $5 billion share buyback,CNBC,2024-07-16,GOOGL
Hiring new CFO,MarketWatch,2024-04-18,AMZN
Credit rating reaffirmed - Exclusive,Reuters,2024-02-19,MSFT
Dividend increased by 15%,Bloomberg,2024-04-14,JPM
"Analyst upgrades to Buy, raises price target",Bloomberg,2024-02-12,JNJ
Dividend increased by 15%,Bloomberg,2024-05-12,AAPL
"Analyst upgrades to Buy, raises price target",CNBC,2024-07-31,AMZN
Company hires new marketing director - Exclusive,WSJ,2024-10-04,AMZN
Supply chain disruptions impact production,Yahoo Finance,2024-12-18,JPM
CEO resigns effective immediately - Exclusive,Seeking Alpha,2024-12-16,NVDA
Company misses revenue estimates,FT,2024-05-31,META
Patent application filed,Yahoo Finance,2024-08-25,AAPL
Lawsuit filed against company,CNBC,2024-10-25,TSLA
Lawsuit filed against company,MarketWatch,2024-02-11,GOOGL
Worst quarter in company history,Bloomberg,2024-07-22,JNJ
Office location announced,Bloomberg,2024-01-26,GOOGL
Stock hits all-time high after strong earnings,Bloomberg,2024-04-15,MSFT
Lawsuit filed against company,MarketWatch,2024-11-03,V
Executive to speak at conference,Reuters,2024-05-08,V
Worst quarter in company history,WSJ,2024-06-16,AMZN
Record quarterly revenue reported,Yahoo Finance,2024-05-25,JNJ
Stock plunges on disappointing earnings,Yahoo Finance,2024-07-29,NVDA
Profit warning issued for next quarter,Reuters,2024-02-06,NVDA
Credit rating downgraded,FT,2024-12-02,JNJ
Executive to speak at conference,FT,2024-06-09,MSFT
Office location announced,WSJ,2024-03-22,V
Stock upgraded by multiple analysts,WSJ,2024-02-06,AMZN
Company misses revenue estimates - Breaking,FT,2024-12-09,MSFT
Profit warning issued for next quarter,CNBC,2024-07-19,GOOGL
Office expansion plans revealed - Breaking,Reuters,2024-02-11,TSLA
Record quarterly revenue reported,MarketWatch,2024-11-20,V
Patent application filed,Reuters,2024-08-02,NVDA
Hiring new CFO,Reuters,2024-04-14,META
Quarterly report scheduled for next week - Update,WSJ,2024-10-31,AAPL
Credit rating downgraded,FT,2024-10-13,MSFT
Record quarterly revenue reported,Bloomberg,2024-01-14,AMZN
New product launch exceeds expectations,Seeking Alpha,2024-06-02,AMZN
Profit warning issued for next quarter,WSJ,2024-07-26,META
Analyst downgrades to Sell,Seeking Alpha,2024-08-17,JNJ
Profit margins expand significantly,Bloomberg,2024-01-10,JNJ
Dividend increased by 15%,MarketWatch,2024-10-03,AAPL
Regulatory investigation launched,FT,2024-05-17,NVDA
Record quarterly revenue reported - Breaking,Seeking Alpha,2024-02-02,MSFT
Dividend increased by 15% - Breaking,WSJ,2024-03-05,AAPL
Profit margins expand significantly,Reuters,2024-01-28,NVDA
Profit warning issued for next quarter,Reuters,2024-12-19,JNJ
Company beats revenue estimates by wide margin,Seeking Alpha,2024-10-13,AAPL
Regulatory investigation launched - Update,FT,2024-11-10,MSFT
Profit margins expand significantly,MarketWatch,2024-01-20,V
"Analyst upgrades to Buy, raises price target",WSJ,2024-12-21,META
Patent application filed - Update,Yahoo Finance,2024-08-02,JNJ
"Analyst upgrades to Buy, raises price target - Breaking",Yahoo Finance,2024-11-21,MSFT
"Analyst upgrades to Buy, raises price target",Seeking Alpha,2024-04-15,AAPL
Company announces routine board meeting,Bloomberg,2024-01-15,TSLA
Analyst downgrades to Sell - Breaking,FT,2024-04-23,GOOGL
Regulatory investigation launched,CNBC,2024-04-26,AMZN
Worst quarter in company history - Update,Bloomberg,2024-11-25,MSFT
Patent application filed,Yahoo Finance,2024-04-24,JNJ
Quarterly report scheduled for next week,FT,2024-11-21,AMZN
Patent application filed,MarketWatch,2024-05-24,GOOGL
Company hires new marketing director,Yahoo Finance,2024-11-14,V
Partnership announced with industry leader,MarketWatch,2024-06-02,JPM
Executive to speak at conference - Exclusive,Bloomberg,2024-06-17,AMZN
Quarterly report scheduled for next week,Reuters,2024-11-17,MSFT
Profit warning issued for next quarter,FT,2024-06-17,TSLA
Executive to speak at conference,CNBC,2024-10-23,MSFT
Board approves $5 billion share buyback,Seeking Alpha,2024-06-04,TSLA
Record quarterly revenue reported,Bloomberg,2024-05-11,GOOGL
Office location announced - Exclusive,Yahoo Finance,2024-02-07,AAPL
Profit warning issued for next quarter,CNBC,2024-09-09,V
Company beats revenue estimates by wide margin,WSJ,2024-08-26,MSFT
Lawsuit filed against company - Breaking,Seeking Alpha,2024-06-18,JNJ
Supply chain disruptions impact production,MarketWatch,2024-09-09,GOOGL
Partnership announced with industry leader,MarketWatch,2024-01-03,GOOGL
Analyst downgrades to Sell,Reuters,2024-08-15,AAPL
CEO resigns effective immediately - Breaking,Yahoo Finance,2024-06-13,AMZN
Company beats revenue estimates by wide margin,Yahoo Finance,2024-07-21,AMZN
Partnership announced with industry leader,WSJ,2024-12-23,TSLA
Worst quarter in company history,WSJ,2024-05-18,V
New product launch exceeds expectations,FT,2024-10-30,JNJ
Board approves $5 billion share buyback,MarketWatch,2024-11-09,GOOGL
Hiring new CFO - Update,FT,2024-01-28,TSLA
"Analyst upgrades to Buy, raises price target",Yahoo Finance,2024-07-23,JNJ
Record quarterly revenue reported - Update,Seeking Alpha,2024-03-24,AAPL
Lawsuit filed against company - Breaking,FT,2024-09-07,MSFT
Lawsuit filed against company,Seeking Alpha,2024-08-31,GOOGL
Company hires new marketing director - Breaking,Seeking Alpha,2024-02-28,TSLA
Lawsuit filed against company,CNBC,2024-02-18,GOOGL
Executive to speak at conference,CNBC,2024-11-27,MSFT
Credit rating reaffirmed,Yahoo Finance,2024-04-03,AAPL
Company misses revenue estimates,MarketWatch,2024-09-27,AMZN
Stock upgraded by multiple analysts,Yahoo Finance,2024-09-05,META
Analyst downgrades to Sell,MarketWatch,2024-07-08,V
Worst quarter in company history,Reuters,2024-12-04,MSFT
Executive to speak at conference,Seeking Alpha,2024-10-07,V
"Analyst upgrades to Buy, raises price target",FT,2024-02-24,V
Partnership announced with industry leader,Seeking Alpha,2024-04-25,AAPL
Executive to speak at conference,Yahoo Finance,2024-09-26,AMZN
Supply chain disruptions impact production,Bloomberg,2024-03-07,JNJ
Lawsuit filed against company - Update,CNBC,2024-02-26,AAPL
Profit margins expand significantly,Reuters,2024-12-14,GOOGL
Regulatory investigation launched,WSJ,2024-06-06,AMZN
Profit margins expand significantly,Bloomberg,2024-02-10,NVDA
Patent application filed,MarketWatch,2024-09-07,TSLA
Profit warning issued for next quarter,WSJ,2024-11-02,AMZN
Lawsuit filed against company,Reuters,2024-07-09,GOOGL
Record quarterly revenue reported,MarketWatch,2024-04-18,AMZN
Stock hits all-time high after strong earnings,CNBC,2024-05-07,V
Stock upgraded by multiple analysts,Yahoo Finance,2024-12-30,MSFT
Office location announced,FT,2024-03-03,AMZN
Office expansion plans revealed,Reuters,2024-01-11,V
Office location announced - Exclusive,Reuters,2024-12-20,AMZN
Lawsuit filed against company,Reuters,2024-10-07,JPM
Profit margins expand significantly,CNBC,2024-05-26,NVDA
Record quarterly revenue reported,Bloomberg,2024-05-23,AAPL
"Analyst upgrades to Buy, raises price target",Reuters,2024-12-11,JNJ
Office expansion plans revealed - Breaking,MarketWatch,2024-06-20,JPM
Regulatory investigation launched,CNBC,2024-03-12,MSFT
"Analyst upgrades to Buy, raises price target",CNBC,2024-08-02,AAPL
Partnership announced with industry leader,WSJ,2024-12-27,AAPL
New product launch exceeds expectations,Seeking Alpha,2024-08-12,AAPL
Patent application filed,MarketWatch,2024-07-10,AMZN
Regulatory investigation launched,Bloomberg,2024-05-31,JPM
Stock plunges on disappointing earnings,MarketWatch,2024-09-22,V
Annual shareholder meeting announced,WSJ,2024-05-07,AAPL
Lawsuit filed against company,Bloomberg,2024-11-14,TSLA
Office location announced - Exclusive,Yahoo Finance,2024-08-18,AAPL
Board approves $5 billion share buyback,FT,2024-11-25,META
Worst quarter in company history,MarketWatch,2024-02-27,V
Stock upgraded by multiple analysts,FT,2024-10-21,TSLA
Quarterly report scheduled for next week,CNBC,2024-07-31,AMZN
Profit margins expand significantly - Exclusive,Reuters,2024-08-18,JNJ
Company hires new marketing director,MarketWatch,2024-04-18,JPM
Analyst downgrades to Sell,CNBC,2024-08-05,AAPL
Profit warning issued for next quarter,Reuters,2024-03-02,MSFT
Stock plunges on disappointing earnings,Bloomberg,2024-03-30,JPM
Board approves $5 billion share buyback,MarketWatch,2024-10-14,META
Stock upgraded by multiple analysts - Update,Reuters,2024-10-13,NVDA
Record quarterly revenue reported,CNBC,2024-10-17,AAPL
Company announces routine board meeting,WSJ,2024-10-16,V
Company beats revenue estimates by wide margin,Seeking Alpha,2024-09-18,TSLA
Stock hits all-time high after strong earnings,CNBC,2024-08-12,TSLA
Executive to speak at conference - Exclusive,Yahoo Finance,2024-05-26,META
Worst quarter in company history,WSJ,2024-12-19,META
Patent application filed - Update,MarketWatch,2024-03-13,TSLA
Hiring new CFO,Yahoo Finance,2024-12-13,JNJ
Hiring new CFO - Exclusive,WSJ,2024-02-20,GOOGL
Company announces routine board meeting,CNBC,2024-10-06,JNJ
Company misses revenue estimates - Breaking,WSJ,2024-12-21,JNJ
Company hires new marketing director,WSJ,2024-03-01,AMZN
Stock upgraded by multiple analysts,CNBC,2024-04-20,MSFT
Office expansion plans revealed,Yahoo Finance,2024-10-08,JPM
Company beats revenue estimates by wide margin,Bloomberg,2024-06-30,AAPL
Company hires new marketing director - Exclusive,MarketWatch,2024-07-14,V
Profit margins expand significantly,Seeking Alpha,2024-02-07,MSFT
Credit rating downgraded,Bloomberg,2024-12-24,JNJ
Board approves $5 billion share buyback,Reuters,2024-12-04,TSLA
Quarterly report scheduled for next week,CNBC,2024-10-13,AMZN
Patent application filed - Breaking,Reuters,2024-01-23,JPM
Board approves $5 billion share buyback,WSJ,2024-10-09,TSLA
Office expansion plans revealed,MarketWatch,2024-02-16,V
Regulatory investigation launched,CNBC,2024-12-30,JNJ
Executive to speak at conference,FT,2024-03-13,JNJ
New product launch exceeds expectations,Seeking Alpha,2024-09-30,AAPL
Company hires new marketing director,Bloomberg,2024-11-24,V
Company beats revenue estimates by wide margin,Yahoo Finance,2024-08-04,MSFT
Hiring new CFO,Seeking Alpha,2024-07-17,AMZN
Supply chain disruptions impact production,FT,2024-08-09,NVDA
Regulatory investigation launched,Seeking Alpha,2024-01-04,V
Stock hits all-time high after strong earnings - Breaking,Yahoo Finance,2024-03-14,AAPL
New product launch exceeds expectations - Breaking,Seeking Alpha,2024-01-21,V
Stock plunges on disappointing earnings,Reuters,2024-04-27,META
Company misses revenue estimates,MarketWatch,2024-10-19,MSFT
Worst quarter in company history,MarketWatch,2024-11-20,JNJ
New product launch exceeds expectations,Seeking Alpha,2024-02-17,JNJ
Supply chain disruptions impact production,FT,2024-02-29,AAPL
Stock hits all-time high after strong earnings,Yahoo Finance,2024-01-25,JNJ
Company misses revenue estimates,Reuters,2024-12-22,V
Office location announced - Update,MarketWatch,2024-02-25,AAPL
Analyst downgrades to Sell,Seeking Alpha,2024-03-29,AAPL
Office expansion plans revealed,Bloomberg,2024-08-21,GOOGL
Lawsuit filed against company,CNBC,2024-01-02,V
Hiring new CFO,Yahoo Finance,2024-03-01,AAPL
Lawsuit filed against company,WSJ,2024-05-10,V
Supply chain disruptions impact production,Bloomberg,2024-10-19,JNJ
Regulatory investigation launched,CNBC,2024-09-03,AMZN
Board approves $5 billion share buyback,Seeking Alpha,2024-03-20,MSFT
Stock hits all-time high after strong earnings,Reuters,2024-08-01,AAPL
Office location announced,FT,2024-09-27,GOOGL
Annual shareholder meeting announced,FT,2024-07-04,V
Annual shareholder meeting announced - Update,FT,2024-02-15,TSLA
Stock upgraded by multiple analysts,WSJ,2024-11-03,NVDA
Office expansion plans revealed,Seeking Alpha,2024-10-18,META
Executive to speak at conference,Reuters,2024-11-26,GOOGL
Record quarterly revenue reported,FT,2024-02-12,GOOGL
Annual shareholder meeting announced,Reuters,2024-02-04,AMZN
